{"initial_reset_timestamp": 1523724051.931537, "timestamps": [1523724068.1176162, 1523724084.7837162, 1523724097.81382, 1523724108.918379, 1523724126.446811, 1523724137.118238, 1523724146.212564, 1523724153.658477, 1523724166.321432, 1523724175.6534772, 1523724186.82271, 1523724197.820529, 1523724209.613991, 1523724225.273694, 1523724244.006593, 1523724262.610102, 1523724280.311339, 1523724288.1670558, 1523724307.4553568, 1523724316.806217, 1523724334.553071, 1523724348.923431, 1523724356.953423, 1523724367.820659, 1523724376.0651698, 1523724384.1504629, 1523724395.115699, 1523724407.668082, 1523724417.682701, 1523724425.69553, 1523724434.463584, 1523724442.6307058, 1523724457.780496, 1523724475.622184, 1523724488.572046, 1523724497.609331, 1523724507.068434, 1523724515.939713, 1523724525.002004, 1523724534.044714, 1523724548.38394, 1523724562.153127, 1523724572.058196, 1523724581.839798, 1523724597.65648, 1523724606.3053179, 1523724619.9470668, 1523724635.218645, 1523724646.172061, 1523724655.188534, 1523724663.531785, 1523724680.985068, 1523724698.490247, 1523724721.044991, 1523724732.356004, 1523724742.986047, 1523724753.48073, 1523724765.4777331, 1523724773.613962, 1523724783.5446131, 1523724796.713662, 1523724823.5116649, 1523724836.186132, 1523724847.2927392, 1523724893.4655528, 1523724909.747829, 1523724919.964902, 1523724947.9525719, 1523724966.239659, 1523724975.644406, 1523724991.020604, 1523725003.0290098, 1523725012.43934, 1523725022.12674, 1523725028.376907, 1523725037.781965, 1523725054.3746529, 1523725077.461681, 1523725098.541468, 1523725109.066894, 1523725126.276607, 1523725135.367834, 1523725147.134302, 1523725246.103158, 1523725256.957105, 1523725272.7115571, 1523725303.656039, 1523725315.3684108, 1523725339.2273269, 1523725359.141811, 1523725372.214741, 1523725386.318044, 1523725396.5107021, 1523725421.7616289, 1523725440.9187992, 1523725455.108479, 1523725464.442834, 1523725473.406869, 1523725501.687028, 1523725510.516774], "episode_lengths": [919, 929, 883, 828, 1472, 1015, 879, 710, 996, 892, 1053, 1031, 981, 1433, 1831, 1805, 1743, 774, 1073, 900, 1732, 1369, 773, 714, 800, 786, 1068, 1001, 885, 762, 834, 789, 1436, 1500, 1229, 861, 910, 855, 774, 891, 1367, 1317, 962, 925, 1519, 841, 1303, 1473, 1059, 888, 799, 1497, 1537, 1971, 920, 943, 945, 1075, 699, 880, 1019, 1988, 938, 753, 2607, 1092, 693, 2049, 1556, 845, 1239, 962, 741, 767, 481, 759, 1317, 1073, 1638, 839, 1370, 598, 825, 877, 915, 1003, 857, 756, 1685, 1365, 855, 952, 869, 2386, 1804, 1332, 902, 850, 1414, 828], "episode_rewards": [32.0, 31.0, 33.0, 31.0, 58.0, 32.0, 33.0, 25.0, 30.0, 32.0, 32.0, 32.0, 32.0, 54.0, 70.0, 64.0, 62.0, 32.0, 32.0, 34.0, 68.0, 52.0, 33.0, 33.0, 33.0, 34.0, 46.0, 32.0, 31.0, 34.0, 32.0, 33.0, 51.0, 60.0, 58.0, 32.0, 28.0, 31.0, 33.0, 31.0, 60.0, 50.0, 31.0, 33.0, 55.0, 33.0, 59.0, 62.0, 31.0, 32.0, 33.0, 64.0, 60.0, 63.0, 32.0, 32.0, 33.0, 31.0, 33.0, 32.0, 32.0, 67.0, 40.0, 35.0, 100.0, 41.0, 33.0, 67.0, 63.0, 32.0, 45.0, 31.0, 31.0, 31.0, 14.0, 31.0, 54.0, 28.0, 69.0, 33.0, 54.0, 24.0, 32.0, 33.0, 31.0, 33.0, 28.0, 32.0, 66.0, 56.0, 33.0, 33.0, 32.0, 99.0, 71.0, 53.0, 32.0, 33.0, 56.0, 33.0], "episode_types": ["t", "t", "t", "t", "t", "t", "t", "t", "t", "t", "t", "t", "t", "t", "t", "t", "t", "t", "t", "t", "t", "t", "t", "t", "t", "t", "t", "t", "t", "t", "t", "t", "t", "t", "t", "t", "t", "t", "t", "t", "t", "t", "t", "t", "t", "t", "t", "t", "t", "t", "t", "t", "t", "t", "t", "t", "t", "t", "t", "t", "t", "t", "t", "t", "t", "t", "t", "t", "t", "t", "t", "t", "t", "t", "t", "t", "t", "t", "t", "t", "t", "t", "t", "t", "t", "t", "t", "t", "t", "t", "t", "t", "t", "t", "t", "t", "t", "t", "t", "t"]}