{"episode_rewards": [12.0, 11.0, 13.0, 14.0, 12.0, 13.0, 11.0, 13.0, 11.0, 13.0, 8.0, 8.0, 19.0, 12.0, 10.0, 13.0, 16.0, 7.0, 14.0, 11.0, 13.0, 16.0, 17.0, 14.0, 8.0, 19.0, 11.0, 12.0, 12.0, 9.0, 16.0, 9.0, 20.0, 14.0, 11.0, 15.0, 9.0, 14.0, 12.0, 13.0, 18.0, 11.0, 6.0, 11.0, 12.0, 15.0, 17.0, 14.0, 3.0, 9.0, 14.0, 9.0, 9.0, 11.0, 16.0, 12.0, 8.0, 15.0, 12.0, 13.0, 14.0, 12.0, 11.0, 10.0, 9.0, 12.0, 7.0, 14.0, 17.0, 6.0, 7.0, 11.0, 13.0, 13.0, 12.0, 11.0, 12.0, 14.0, 10.0, 9.0, 13.0, 13.0, 8.0, 2.0, 13.0, 14.0, 14.0, 11.0, 12.0, 12.0, 13.0, 13.0, 12.0, 13.0, 6.0, 13.0, 17.0, 10.0, 10.0, 9.0], "timestamps": [1523278932.8573294, 1523278944.446988, 1523278953.0268579, 1523278961.5240097, 1523278971.3270042, 1523278982.751955, 1523278991.788275, 1523279000.8062937, 1523279011.230329, 1523279020.4118726, 1523279032.8126347, 1523279044.9881666, 1523279051.497377, 1523279062.145049, 1523279073.6636229, 1523279083.0254319, 1523279090.3945327, 1523279101.8441308, 1523279112.0090616, 1523279122.3997076, 1523279131.8108697, 1523279139.8982346, 1523279148.0565484, 1523279156.7246187, 1523279167.704215, 1523279174.5068533, 1523279185.0312371, 1523279196.4655674, 1523279205.2449527, 1523279216.1205711, 1523279225.4054556, 1523279236.1216514, 1523279243.0179417, 1523279251.4687788, 1523279262.0036716, 1523279270.6586418, 1523279282.087008, 1523279291.7983487, 1523279302.2987096, 1523279311.91602, 1523279319.848132, 1523279329.5120883, 1523279341.6188688, 1523279353.1686108, 1523279364.4583468, 1523279373.1212022, 1523279380.6372437, 1523279388.8176541, 1523279401.1356063, 1523279410.7761893, 1523279419.0870934, 1523279431.2491584, 1523279442.603001, 1523279452.8757353, 1523279462.7099757, 1523279473.696107, 1523279484.961852, 1523279493.6563332, 1523279502.3701892, 1523279511.3194025, 1523279519.2341988, 1523279529.2905347, 1523279539.095661, 1523279550.3480577, 1523279561.2662725, 1523279571.2272494, 1523279583.9372141, 1523279592.4053605, 1523279600.6072962, 1523279613.3699887, 1523279624.7693634, 1523279633.8264956, 1523279644.66667, 1523279654.366159, 1523279665.8672037, 1523279676.989076, 1523279685.54559, 1523279693.9997597, 1523279704.1481965, 1523279716.0975826, 1523279725.835849, 1523279735.9987774, 1523279745.8696127, 1523279762.4339492, 1523279771.6964996, 1523279782.6341467, 1523279792.2953024, 1523279803.6842499, 1523279812.8500633, 1523279822.3378415, 1523279832.456612, 1523279841.801615, 1523279850.7218418, 1523279860.7616782, 1523279871.5539873, 1523279879.360686, 1523279886.6948826, 1523279898.5766127, 1523279910.0537703, 1523279920.2119052], "episode_lengths": [3977, 4246, 3530, 3513, 3851, 3829, 3600, 3696, 3867, 3628, 5107, 4914, 2710, 4376, 4593, 3875, 3048, 4393, 4203, 4292, 3869, 3327, 3254, 3477, 4509, 2617, 4345, 4269, 3483, 4467, 3623, 4425, 2828, 3344, 4300, 3539, 4733, 3861, 4195, 3938, 3247, 3848, 4847, 4232, 4532, 3575, 3096, 3343, 5073, 3949, 3429, 4998, 4389, 3892, 3879, 4499, 4422, 3574, 3587, 3673, 3292, 4111, 3804, 4487, 3980, 3995, 5234, 3455, 3345, 4807, 4678, 3843, 4072, 4078, 4213, 4344, 3606, 3563, 4240, 5007, 4004, 4249, 4116, 6404, 3902, 4618, 3638, 4272, 3595, 3469, 4169, 3838, 3614, 4131, 4323, 3208, 2879, 4892, 4737, 4191], "initial_reset_timestamp": 1523278920.6474981, "episode_types": ["t", "t", "t", "t", "t", "t", "t", "t", "t", "t", "t", "t", "t", "t", "t", "t", "t", "t", "t", "t", "t", "t", "t", "t", "t", "t", "t", "t", "t", "t", "t", "t", "t", "t", "t", "t", "t", "t", "t", "t", "t", "t", "t", "t", "t", "t", "t", "t", "t", "t", "t", "t", "t", "t", "t", "t", "t", "t", "t", "t", "t", "t", "t", "t", "t", "t", "t", "t", "t", "t", "t", "t", "t", "t", "t", "t", "t", "t", "t", "t", "t", "t", "t", "t", "t", "t", "t", "t", "t", "t", "t", "t", "t", "t", "t", "t", "t", "t", "t", "t"]}