{"initial_reset_timestamp": 1523724017.3624918, "timestamps": [1523724042.275975, 1523724070.715198, 1523724099.945015, 1523724122.2045069, 1523724142.342483, 1523724165.103095, 1523724184.984523, 1523724204.367161, 1523724226.888937, 1523724246.102964, 1523724269.893213, 1523724287.529579, 1523724306.824967, 1523724328.9581802, 1523724346.867378, 1523724365.076659, 1523724382.8268402, 1523724401.893135, 1523724422.333317, 1523724440.89854, 1523724462.327659, 1523724484.926987, 1523724505.5779998, 1523724525.6906502, 1523724546.5857432, 1523724566.9750452, 1523724586.084695, 1523724613.513706, 1523724631.425453, 1523724649.600397, 1523724670.997591, 1523724691.031965, 1523724711.912802, 1523724733.828087, 1523724754.7012742, 1523724778.1145751, 1523724808.694954, 1523724832.173887, 1523724861.578893, 1523724889.126387, 1523724914.343317, 1523724942.967296, 1523724967.446468, 1523724988.702434, 1523725011.471385, 1523725035.7060108, 1523725060.983805, 1523725084.5857909, 1523725107.0575092, 1523725129.791492, 1523725152.533849, 1523725174.5156622, 1523725195.862667, 1523725216.608234, 1523725239.862883, 1523725264.864081, 1523725288.8777118, 1523725313.04277, 1523725339.544252, 1523725364.631424, 1523725390.756994, 1523725411.8279748, 1523725433.3056278, 1523725457.458286, 1523725478.20359, 1523725495.128247, 1523725515.5409799, 1523725509.212095, 1523725524.077597, 1523725539.421453, 1523725557.205428, 1523725573.566784, 1523725588.965761, 1523725605.551928, 1523725621.6589382, 1523725638.9180522, 1523725655.147413, 1523725671.764748, 1523725688.6386719, 1523725704.6256618, 1523725718.848726, 1523725731.347378, 1523725743.248527, 1523725756.5070431, 1523725769.985742, 1523725782.2183301, 1523725793.75569, 1523725806.476404, 1523725820.484786, 1523725834.53949, 1523725846.2411578, 1523725859.749493, 1523725872.002581, 1523725883.445757, 1523725896.820841, 1523725909.11391, 1523725920.3899982, 1523725932.469913, 1523725946.965188, 1523725958.697408], "episode_lengths": [1853, 1612, 1918, 1669, 1801, 2076, 1770, 1722, 1665, 1756, 2187, 1631, 1975, 2032, 1620, 1705, 1623, 1781, 1867, 1698, 1961, 2031, 1871, 1856, 1924, 1869, 1773, 2075, 1666, 1664, 1941, 1716, 1728, 1746, 1788, 1941, 2119, 1792, 1880, 1784, 1616, 1902, 1993, 1702, 1700, 1850, 2047, 1776, 1672, 1670, 1706, 1919, 1875, 1803, 1881, 1744, 1650, 1699, 1810, 1612, 1721, 1820, 1889, 2160, 1644, 1678, 1943, 1737, 1614, 1724, 1994, 1819, 1715, 1810, 1779, 1866, 1693, 1812, 1807, 1726, 1769, 1682, 1735, 1891, 1920, 1727, 1639, 1843, 2007, 2047, 1685, 1957, 1754, 1637, 1937, 1759, 1615, 1732, 2083, 1671], "episode_rewards": [20.0, 21.0, 20.0, 21.0, 20.0, 19.0, 20.0, 21.0, 21.0, 19.0, 18.0, 21.0, 20.0, 19.0, 21.0, 21.0, 21.0, 20.0, 20.0, 20.0, 19.0, 16.0, 18.0, 19.0, 18.0, 18.0, 20.0, 18.0, 20.0, 20.0, 18.0, 21.0, 20.0, 20.0, 21.0, 20.0, 19.0, 17.0, 21.0, 19.0, 21.0, 19.0, 18.0, 20.0, 21.0, 18.0, 21.0, 20.0, 20.0, 21.0, 21.0, 18.0, 20.0, 19.0, 21.0, 19.0, 21.0, 20.0, 20.0, 21.0, 19.0, 21.0, 19.0, 18.0, 21.0, 21.0, 18.0, 19.0, 21.0, 21.0, 19.0, 20.0, 20.0, 19.0, 21.0, 19.0, 21.0, 19.0, 20.0, 19.0, 21.0, 20.0, 20.0, 20.0, 18.0, 20.0, 21.0, 20.0, 19.0, 21.0, 20.0, 18.0, 20.0, 21.0, 20.0, 20.0, 21.0, 21.0, 17.0, 21.0], "episode_types": ["t", "t", "t", "t", "t", "t", "t", "t", "t", "t", "t", "t", "t", "t", "t", "t", "t", "t", "t", "t", "t", "t", "t", "t", "t", "t", "t", "t", "t", "t", "t", "t", "t", "t", "t", "t", "t", "t", "t", "t", "t", "t", "t", "t", "t", "t", "t", "t", "t", "t", "t", "t", "t", "t", "t", "t", "t", "t", "t", "t", "t", "t", "t", "t", "t", "t", "t", "t", "t", "t", "t", "t", "t", "t", "t", "t", "t", "t", "t", "t", "t", "t", "t", "t", "t", "t", "t", "t", "t", "t", "t", "t", "t", "t", "t", "t", "t", "t", "t", "t"]}