{"initial_reset_timestamp": 1523798246.045701, "timestamps": [1523798253.037675, 1523798259.8385332, 1523798265.8106408, 1523798272.106865, 1523798278.01376, 1523798283.688403, 1523798289.538728, 1523798295.3119428, 1523798301.805104, 1523798307.018514, 1523798312.088248, 1523798317.097287, 1523798323.443837, 1523798328.50475, 1523798333.8396428, 1523798339.281213, 1523798344.433679, 1523798349.845238, 1523798355.7450612, 1523798361.060603, 1523798366.124118, 1523798371.2186089, 1523798376.526459, 1523798381.747374, 1523798386.658562, 1523798392.631263, 1523798397.6931431, 1523798404.5616598, 1523798409.490626, 1523798414.607143, 1523798420.229651, 1523798425.8503401, 1523798431.164015, 1523798437.166772, 1523798442.94343, 1523798447.976674, 1523798453.428156, 1523798458.272993, 1523798463.944234, 1523798469.6984751, 1523798475.30363, 1523798480.549292, 1523798485.488672, 1523798491.377559, 1523798497.140859, 1523798502.077263, 1523798507.604147, 1523798512.441362, 1523798518.285195, 1523798523.0514188, 1523798527.982166, 1523798533.217123, 1523798538.731164, 1523798544.163336, 1523798549.6295621, 1523798554.860425, 1523798559.9970298, 1523798564.964541, 1523798570.100935, 1523798575.647624, 1523798581.291988, 1523798587.286263, 1523798592.901246, 1523798598.3592188, 1523798605.5090702, 1523798611.07588, 1523798617.1664891, 1523798623.6072419, 1523798629.801615, 1523798634.993888, 1523798640.293101, 1523798645.597676, 1523798652.390096, 1523798657.972522, 1523798663.632884, 1523798668.8229089, 1523798674.0041149, 1523798679.411434, 1523798684.839843, 1523798690.5680299, 1523798696.196685, 1523798701.739268, 1523798707.469454, 1523798712.7865238, 1523798719.035203, 1523798724.3288581, 1523798729.478933, 1523798734.89939, 1523798739.860281, 1523798746.208558, 1523798752.672127, 1523798757.632399, 1523798763.298678, 1523798768.652674, 1523798774.478173, 1523798779.587787, 1523798784.735745, 1523798789.673895, 1523798795.269802, 1523798801.137865], "episode_lengths": [1737, 1831, 1788, 1927, 1770, 1829, 1789, 1924, 1819, 1806, 1702, 1679, 2126, 1670, 1777, 1801, 1702, 1802, 1945, 1802, 1688, 1702, 1770, 1721, 1638, 1991, 1681, 1929, 1630, 1647, 1844, 1823, 1738, 1996, 1892, 1677, 1804, 1614, 1879, 1916, 1851, 1739, 1633, 1958, 1922, 1630, 1814, 1714, 2065, 1680, 1752, 1839, 1903, 1932, 1938, 1839, 1814, 1747, 1769, 1847, 1875, 1995, 1864, 1785, 2011, 1843, 1970, 2120, 2052, 1720, 1750, 1750, 2245, 1851, 1890, 1732, 1717, 1800, 1798, 1886, 1881, 1847, 1900, 1768, 2080, 1759, 1729, 1806, 1641, 2106, 2149, 1648, 1894, 1776, 1949, 1695, 1707, 1639, 1867, 1953], "episode_rewards": [21.0, 20.0, 20.0, 17.0, 19.0, 21.0, 19.0, 18.0, 20.0, 20.0, 21.0, 21.0, 19.0, 21.0, 20.0, 20.0, 21.0, 21.0, 18.0, 19.0, 20.0, 20.0, 20.0, 21.0, 21.0, 16.0, 21.0, 18.0, 21.0, 21.0, 18.0, 20.0, 19.0, 19.0, 18.0, 21.0, 20.0, 21.0, 20.0, 18.0, 19.0, 19.0, 21.0, 20.0, 19.0, 21.0, 19.0, 20.0, 17.0, 21.0, 21.0, 20.0, 19.0, 18.0, 19.0, 20.0, 20.0, 20.0, 21.0, 19.0, 18.0, 17.0, 21.0, 20.0, 19.0, 20.0, 19.0, 20.0, 18.0, 20.0, 19.0, 21.0, 18.0, 21.0, 19.0, 21.0, 20.0, 18.0, 20.0, 20.0, 18.0, 19.0, 20.0, 21.0, 19.0, 20.0, 21.0, 21.0, 21.0, 16.0, 18.0, 21.0, 19.0, 20.0, 16.0, 21.0, 20.0, 21.0, 20.0, 20.0], "episode_types": ["t", "t", "t", "t", "t", "t", "t", "t", "t", "t", "t", "t", "t", "t", "t", "t", "t", "t", "t", "t", "t", "t", "t", "t", "t", "t", "t", "t", "t", "t", "t", "t", "t", "t", "t", "t", "t", "t", "t", "t", "t", "t", "t", "t", "t", "t", "t", "t", "t", "t", "t", "t", "t", "t", "t", "t", "t", "t", "t", "t", "t", "t", "t", "t", "t", "t", "t", "t", "t", "t", "t", "t", "t", "t", "t", "t", "t", "t", "t", "t", "t", "t", "t", "t", "t", "t", "t", "t", "t", "t", "t", "t", "t", "t", "t", "t", "t", "t", "t", "t"]}