{"initial_reset_timestamp": 1524958711.1877708, "timestamps": [1524958844.915319, 1524959025.629153, 1524959179.467798, 1524959404.115545, 1524959492.5264268, 1524959580.5940008, 1524959736.180618, 1524959886.738137, 1524959902.958445, 1524960126.238698, 1524960348.251316, 1524960501.962589, 1524960654.5892632, 1524960813.2513332, 1524960905.897373, 1524960988.182726, 1524961036.015286, 1524961173.737993, 1524961279.753054, 1524961337.916072, 1524961516.593111, 1524961672.07212, 1524961831.492251, 1524961981.999895, 1524962203.357673, 1524962292.395862, 1524962398.827165, 1524962535.132981, 1524962623.210038, 1524962846.458581, 1524962943.122735, 1524963075.372878, 1524963226.637989, 1524963380.8374138, 1524963579.283725, 1524963792.658701, 1524963946.3477209, 1524964001.7920399, 1524964206.677737, 1524964350.833128, 1524964455.147537, 1524964544.5222871, 1524964753.7059069, 1524964899.7419221, 1524964989.234147, 1524965136.9800231, 1524965350.6840372, 1524965565.735563, 1524965722.1219862, 1524965811.139346, 1524965896.89055, 1524965979.6330361, 1524966062.533493, 1524966210.524191, 1524966352.600607, 1524966497.050038, 1524966653.117314, 1524966844.196897, 1524966897.105765, 1524967104.592515, 1524967325.834389, 1524967423.281805, 1524967540.3427851, 1524967619.871799, 1524967709.638471, 1524967824.399679, 1524967967.604959, 1524968146.2389948, 1524968241.9996219, 1524968326.572017, 1524968470.991025, 1524968560.571595, 1524968644.924255, 1524968717.757128, 1524968798.426271, 1524968880.2512152, 1524969031.219233, 1524969172.429334, 1524969269.51483, 1524969479.605217, 1524969626.939484, 1524969832.44223, 1524970038.935966, 1524970189.293798, 1524970272.497128, 1524970361.355825, 1524970589.447854, 1524970881.0123148, 1524971085.532633, 1524971301.155822, 1524971345.893864, 1524971595.09446, 1524971754.830069, 1524971910.078366, 1524972001.344117, 1524972214.474577, 1524972231.285816, 1524972382.1618, 1524972592.237131, 1524972756.388426], "episode_lengths": [2560, 4504, 4063, 6045, 2537, 2526, 4247, 4189, 431, 6046, 6060, 4265, 4121, 4289, 2545, 2282, 1286, 3728, 2794, 1579, 4700, 4213, 4386, 4113, 6060, 2313, 2838, 3615, 2530, 6031, 2640, 3541, 4161, 4242, 5202, 5885, 4406, 1604, 5852, 4193, 3082, 2546, 6046, 4186, 2499, 4138, 6045, 6045, 4452, 2593, 2335, 2102, 2372, 4260, 4142, 4163, 4469, 4279, 1481, 6031, 6060, 2781, 3382, 2240, 2539, 3308, 4096, 5185, 2707, 2459, 4158, 2566, 2467, 2110, 2320, 2335, 4290, 4041, 2747, 6060, 4226, 6031, 6032, 4287, 2413, 2538, 5137, 5867, 4118, 4316, 896, 6046, 4280, 4289, 2607, 6046, 475, 4294, 6031, 4685], "episode_rewards": [19.0, -75.0, 262.0, -125.0, -59.0, 36.0, -89.0, 21.0, 105.0, -19.0, -211.0, -105.0, -72.0, -77.0, -3.0, 3.0, 79.0, 88.0, -56.0, 80.0, -50.0, -23.0, -151.0, -18.0, -41.0, -27.0, 8.0, 68.0, -7.0, -170.0, -12.0, -7.0, -3.0, -87.0, -56.0, -120.0, -47.0, 127.0, -24.0, 6.0, 25.0, 8.0, -132.0, -16.0, -41.0, -115.0, -124.0, -187.0, 40.0, -24.0, 62.0, 1.0, 61.0, -173.0, -70.0, -37.0, -205.0, -159.0, 32.0, -154.0, -110.0, 15.0, -5.0, -11.0, 140.0, 89.0, 37.0, 39.0, 44.0, -23.0, -84.0, 7.0, -46.0, 77.0, -34.0, 14.0, -43.0, -96.0, -195.0, 21.0, -147.0, -80.0, -135.0, -40.0, -14.0, -6.0, -213.0, -54.0, -177.0, -27.0, 13.0, -48.0, -13.0, -70.0, -86.0, -181.0, 132.0, -140.0, -98.0, 23.0], "episode_types": ["t", "t", "t", "t", "t", "t", "t", "t", "t", "t", "t", "t", "t", "t", "t", "t", "t", "t", "t", "t", "t", "t", "t", "t", "t", "t", "t", "t", "t", "t", "t", "t", "t", "t", "t", "t", "t", "t", "t", "t", "t", "t", "t", "t", "t", "t", "t", "t", "t", "t", "t", "t", "t", "t", "t", "t", "t", "t", "t", "t", "t", "t", "t", "t", "t", "t", "t", "t", "t", "t", "t", "t", "t", "t", "t", "t", "t", "t", "t", "t", "t", "t", "t", "t", "t", "t", "t", "t", "t", "t", "t", "t", "t", "t", "t", "t", "t", "t", "t", "t"]}