{"episode_rewards": [20.0, 17.0, 20.0, 14.0, 18.0, 20.0, 19.0, 17.0, 19.0, 19.0, 19.0, 20.0, 19.0, 15.0, 20.0, 17.0, 19.0, 19.0, 19.0, 20.0, 20.0, 19.0, 21.0, 21.0, 19.0, 19.0, 18.0, 20.0, 17.0, 18.0, 16.0, 18.0, 17.0, 19.0, 19.0, 17.0, 20.0, 20.0, 20.0, 18.0, 15.0, 18.0, 18.0, 17.0, 18.0, 18.0, 20.0, 18.0, 20.0, 20.0, 19.0, 20.0, 19.0, 20.0, 19.0, 20.0, 16.0, 21.0, 20.0, 19.0, 17.0, 17.0, 17.0, 19.0, 21.0, 20.0, 20.0, 19.0, 20.0, 21.0, 20.0, 21.0, 21.0, 19.0, 18.0, 15.0, 20.0, 21.0, 21.0, 19.0, 17.0, 19.0, 17.0, 20.0, 20.0, 18.0, 18.0, 20.0, 20.0, 19.0, 20.0, 18.0, 20.0, 20.0, 18.0, 17.0, 18.0, 20.0, 19.0, 20.0], "episode_types": ["t", "t", "t", "t", "t", "t", "t", "t", "t", "t", "t", "t", "t", "t", "t", "t", "t", "t", "t", "t", "t", "t", "t", "t", "t", "t", "t", "t", "t", "t", "t", "t", "t", "t", "t", "t", "t", "t", "t", "t", "t", "t", "t", "t", "t", "t", "t", "t", "t", "t", "t", "t", "t", "t", "t", "t", "t", "t", "t", "t", "t", "t", "t", "t", "t", "t", "t", "t", "t", "t", "t", "t", "t", "t", "t", "t", "t", "t", "t", "t", "t", "t", "t", "t", "t", "t", "t", "t", "t", "t", "t", "t", "t", "t", "t", "t", "t", "t", "t", "t"], "initial_reset_timestamp": 1523812963.7936897, "timestamps": [1523812967.7807236, 1523812972.0609548, 1523812975.8064072, 1523812980.0739183, 1523812984.1931703, 1523812988.2114737, 1523812991.8760264, 1523812995.920679, 1523813000.0070913, 1523813003.6842647, 1523813007.0528255, 1523813010.9344149, 1523813017.0541966, 1523813023.8367128, 1523813028.229147, 1523813032.4266703, 1523813036.208079, 1523813039.6427383, 1523813043.3743212, 1523813047.793425, 1523813052.2094045, 1523813059.3732543, 1523813062.6350706, 1523813067.362457, 1523813073.5891802, 1523813077.3940427, 1523813082.7220316, 1523813086.381956, 1523813090.7172904, 1523813094.479876, 1523813099.98354, 1523813104.009024, 1523813109.23994, 1523813113.590029, 1523813116.9606214, 1523813121.5289118, 1523813125.5918448, 1523813129.0195155, 1523813132.4517386, 1523813136.1557617, 1523813140.1899278, 1523813144.3547246, 1523813147.8897998, 1523813151.5183816, 1523813155.2701104, 1523813159.051561, 1523813162.3362389, 1523813166.5057244, 1523813170.1239393, 1523813173.4045687, 1523813177.3613415, 1523813181.0878494, 1523813184.6207018, 1523813188.443142, 1523813193.788907, 1523813197.2962494, 1523813203.0435588, 1523813207.6140013, 1523813211.7353053, 1523813214.884841, 1523813220.03026, 1523813224.9941182, 1523813228.7492065, 1523813232.3106596, 1523813235.8339188, 1523813240.9105875, 1523813244.512235, 1523813249.1218433, 1523813253.5259871, 1523813259.2330956, 1523813263.4600768, 1523813267.602291, 1523813271.502909, 1523813275.7322187, 1523813279.419467, 1523813283.841671, 1523813287.0129752, 1523813290.131386, 1523813293.2182546, 1523813296.8761883, 1523813302.1943972, 1523813307.7423036, 1523813314.9365628, 1523813319.2721257, 1523813323.4286652, 1523813328.649998, 1523813333.3946614, 1523813336.6948614, 1523813340.560824, 1523813344.1795597, 1523813349.556586, 1523813354.6115255, 1523813357.859417, 1523813361.1273012, 1523813365.1763096, 1523813369.137294, 1523813373.5411756, 1523813377.562592, 1523813381.2130435, 1523813384.9826121], "episode_lengths": [1659, 2024, 1743, 2138, 1888, 1919, 1886, 2064, 1868, 1973, 1791, 1678, 2109, 2260, 1786, 2034, 1934, 1764, 1929, 1786, 1763, 1991, 1652, 1706, 2005, 1991, 2160, 1720, 1980, 1954, 2437, 1892, 1858, 1747, 1768, 2313, 1802, 1773, 1740, 1921, 2064, 2012, 1845, 1922, 1924, 1897, 1667, 1870, 1922, 1755, 2095, 1713, 1871, 1665, 1697, 1887, 2088, 1750, 1836, 1697, 2011, 1876, 1946, 1914, 1659, 1699, 1886, 1820, 1775, 1787, 1680, 1676, 1633, 1790, 1787, 2172, 1700, 1683, 1628, 1869, 2199, 1853, 2210, 1742, 1677, 1913, 1859, 1675, 1816, 1787, 1891, 1891, 1700, 1750, 1901, 2092, 2031, 1951, 1765, 1682]}