{"episode_types": ["t", "t", "t", "t", "t", "t", "t", "t", "t", "t", "t", "t", "t", "t", "t", "t", "t", "t", "t", "t", "t", "t", "t", "t", "t", "t", "t", "t", "t", "t", "t", "t", "t", "t", "t", "t", "t", "t", "t", "t", "t", "t", "t", "t", "t", "t", "t", "t", "t", "t", "t", "t", "t", "t", "t", "t", "t", "t", "t", "t", "t", "t", "t", "t", "t", "t", "t", "t", "t", "t", "t", "t", "t", "t", "t", "t", "t", "t", "t", "t", "t", "t", "t", "t", "t", "t", "t", "t", "t", "t", "t", "t", "t", "t", "t", "t", "t", "t", "t", "t"], "initial_reset_timestamp": 1523686827.7381384, "episode_rewards": [21.0, 21.0, 20.0, 19.0, 18.0, 18.0, 16.0, 20.0, 20.0, 18.0, 18.0, 20.0, 19.0, 21.0, 21.0, 19.0, 19.0, 18.0, 21.0, 18.0, 19.0, 21.0, 21.0, 21.0, 20.0, 20.0, 19.0, 20.0, 19.0, 20.0, 21.0, 21.0, 20.0, 21.0, 20.0, 16.0, 20.0, 21.0, 19.0, 20.0, 20.0, 19.0, 20.0, 20.0, 20.0, 20.0, 20.0, 20.0, 19.0, 21.0, 20.0, 19.0, 21.0, 21.0, 18.0, 19.0, 21.0, 21.0, 20.0, 20.0, 19.0, 18.0, 19.0, 19.0, 21.0, 20.0, 19.0, 19.0, 21.0, 19.0, 21.0, 21.0, 20.0, 21.0, 19.0, 20.0, 20.0, 20.0, 20.0, 19.0, 21.0, 21.0, 20.0, 20.0, 21.0, 21.0, 21.0, 20.0, 21.0, 20.0, 21.0, 20.0, 20.0, 19.0, 20.0, 20.0, 21.0, 21.0, 20.0, 18.0], "episode_lengths": [1705, 1647, 1699, 1921, 1786, 1873, 2180, 1875, 1920, 1925, 1907, 1855, 1786, 1696, 1639, 1898, 1861, 1966, 1865, 1945, 1708, 1735, 1650, 1859, 1750, 1768, 1837, 1687, 1999, 1748, 1739, 1751, 2019, 1614, 1686, 2608, 1722, 1725, 1812, 1740, 1701, 1747, 1757, 1697, 1770, 1812, 1856, 1687, 1784, 1672, 1803, 1898, 1646, 1765, 1861, 1953, 1679, 1647, 1713, 2042, 1862, 1882, 1995, 1799, 1663, 1973, 1807, 1714, 1756, 1946, 1697, 1787, 1709, 1680, 1736, 1701, 1737, 1814, 1895, 1726, 1793, 1706, 1709, 1696, 1677, 1737, 1775, 1692, 1644, 1808, 1655, 1682, 1878, 2083, 1672, 1728, 1728, 1786, 1890, 1863], "timestamps": [1523686833.3671196, 1523686838.3801503, 1523686842.8589659, 1523686847.9151769, 1523686852.5776696, 1523686857.4016054, 1523686862.9012072, 1523686867.5920446, 1523686873.1658993, 1523686878.2740412, 1523686883.361012, 1523686888.1149654, 1523686892.7271826, 1523686897.1586788, 1523686901.3313818, 1523686906.2091963, 1523686911.0052197, 1523686916.050819, 1523686920.8753765, 1523686925.9201806, 1523686930.391234, 1523686934.8852484, 1523686939.2004218, 1523686944.0552943, 1523686948.6471677, 1523686953.2866557, 1523686958.1149392, 1523686963.1658413, 1523686968.522648, 1523686973.175496, 1523686977.7776718, 1523686982.4188044, 1523686987.776778, 1523686992.093418, 1523686996.4833345, 1523687003.42308, 1523687007.980458, 1523687012.565095, 1523687017.3961318, 1523687022.0299122, 1523687026.5339763, 1523687031.158214, 1523687035.8234866, 1523687040.3850756, 1523687045.0467157, 1523687049.8959422, 1523687054.8304536, 1523687059.381884, 1523687064.4387734, 1523687069.047191, 1523687074.2032936, 1523687079.9983978, 1523687085.0373394, 1523687090.4284878, 1523687095.6410022, 1523687100.9104974, 1523687105.4703572, 1523687109.8771832, 1523687114.5114915, 1523687120.028673, 1523687125.0931454, 1523687130.3111265, 1523687135.8253756, 1523687140.7224514, 1523687145.8986902, 1523687151.4414234, 1523687156.5105822, 1523687161.2178335, 1523687166.0424726, 1523687171.3788726, 1523687176.0881834, 1523687181.0215135, 1523687185.6671813, 1523687190.2474422, 1523687194.969897, 1523687199.6169279, 1523687204.33412, 1523687209.1884592, 1523687214.2726023, 1523687218.895441, 1523687223.6123385, 1523687228.13042, 1523687232.6394238, 1523687237.0514956, 1523687241.3823965, 1523687245.777243, 1523687250.1619003, 1523687254.489942, 1523687259.4561114, 1523687264.7810798, 1523687269.487192, 1523687274.3008728, 1523687279.5950844, 1523687286.0729702, 1523687290.3810215, 1523687294.859563, 1523687299.2592096, 1523687303.6612797, 1523687308.3843682, 1523687313.1445374]}