{"episode_types": ["t", "t", "t", "t", "t", "t", "t", "t", "t", "t", "t", "t", "t", "t", "t", "t", "t", "t", "t", "t", "t", "t", "t", "t", "t", "t", "t", "t", "t", "t", "t", "t", "t", "t", "t", "t", "t", "t", "t", "t", "t", "t", "t", "t", "t", "t", "t", "t", "t", "t", "t", "t", "t", "t", "t", "t", "t", "t", "t", "t", "t", "t", "t", "t", "t", "t", "t", "t", "t", "t", "t", "t", "t", "t", "t", "t", "t", "t", "t", "t", "t", "t", "t", "t", "t", "t", "t", "t", "t", "t", "t", "t", "t", "t", "t", "t", "t", "t", "t", "t"], "episode_rewards": [250.0, 267.0, 238.0, 139.0, 249.0, 239.0, 247.0, 640.0, 244.0, 249.0, 607.0, 267.0, 249.0, 640.0, 614.0, 250.0, 599.0, 612.0, 139.0, 139.0, 249.0, 639.0, 429.0, 588.0, 251.0, 267.0, 244.0, 139.0, 640.0, 610.0, 267.0, 139.0, 640.0, 139.0, 249.0, 395.0, 1043.0, 231.0, 1133.0, 629.0, 230.0, 223.0, 230.0, 227.0, 728.0, 238.0, 615.0, 248.0, 230.0, 611.0, 234.0, 224.0, 630.0, 626.0, 231.0, 624.0, 613.0, 231.0, 246.0, 231.0, 1306.0, 231.0, 1047.0, 588.0, 594.0, 233.0, 617.0, 601.0, 616.0, 1045.0, 234.0, 621.0, 802.0, 223.0, 1126.0, 768.0, 234.0, 234.0, 241.0, 727.0, 246.0, 619.0, 243.0, 231.0, 230.0, 231.0, 234.0, 234.0, 233.0, 1294.0, 1541.0, 227.0, 238.0, 231.0, 1041.0, 619.0, 1039.0, 609.0, 627.0, 622.0], "initial_reset_timestamp": 1532283011.9759912, "timestamps": [1532283013.6535046, 1532283052.0201519, 1532283052.913016, 1532283084.4001653, 1532283085.268874, 1532283086.205005, 1532283087.0308077, 1532283089.7511292, 1532283091.0193982, 1532283091.8806722, 1532283093.6854112, 1532283122.447806, 1532283123.248172, 1532283125.595225, 1532283128.105069, 1532283128.981456, 1532283131.3457556, 1532283133.3689318, 1532283162.9353662, 1532283192.1234577, 1532283192.9864023, 1532283195.703175, 1532283221.4834578, 1532283224.984966, 1532283225.782743, 1532283254.057593, 1532283254.8794367, 1532283291.6284182, 1532283293.9755845, 1532283295.5450203, 1532283323.749834, 1532283351.82101, 1532283354.1361938, 1532283382.3216383, 1532283383.1126962, 1532283407.4673474, 1532283410.6043608, 1532283411.5856917, 1532283414.914056, 1532283416.6963627, 1532283417.6818044, 1532283418.7116656, 1532283419.6996176, 1532283420.704475, 1532283424.9324698, 1532283425.8855815, 1532283427.9248073, 1532283428.8205123, 1532283429.8000596, 1532283431.6707985, 1532283432.5911317, 1532283433.6026993, 1532283435.4450421, 1532283437.1302774, 1532283438.0994682, 1532283439.9127042, 1532283441.5551143, 1532283442.5412142, 1532283443.4162948, 1532283444.387077, 1532283447.997545, 1532283448.9744918, 1532283451.8073027, 1532283453.8550205, 1532283456.5088353, 1532283457.5043519, 1532283458.947132, 1532283460.885884, 1532283462.6146228, 1532283465.6671948, 1532283466.625615, 1532283468.5420048, 1532283471.8274186, 1532283472.8496168, 1532283476.2983072, 1532283478.7699637, 1532283479.7449355, 1532283480.734961, 1532283481.676998, 1532283483.9921455, 1532283484.882638, 1532283486.8991468, 1532283487.7815468, 1532283488.7585547, 1532283489.7721748, 1532283490.7602055, 1532283491.739312, 1532283492.7032077, 1532283493.6867766, 1532283498.099237, 1532283502.7192054, 1532283503.6726513, 1532283504.6237085, 1532283505.5824738, 1532283508.7053745, 1532283510.662217, 1532283514.1024892, 1532283516.1595318, 1532283518.0244305, 1532283520.0138032], "episode_lengths": [116, 8019, 124, 8019, 108, 130, 108, 554, 120, 108, 366, 8019, 108, 540, 576, 108, 502, 384, 8019, 8019, 110, 566, 6922, 896, 110, 8019, 118, 8019, 544, 334, 8019, 8019, 544, 8019, 108, 6898, 789, 160, 842, 394, 160, 176, 160, 170, 1086, 154, 466, 138, 160, 418, 144, 168, 410, 362, 162, 404, 354, 160, 134, 160, 923, 160, 692, 462, 468, 164, 298, 434, 376, 759, 154, 430, 820, 172, 872, 596, 158, 160, 148, 550, 136, 460, 134, 160, 166, 160, 158, 158, 162, 1142, 1204, 154, 150, 154, 786, 444, 870, 474, 418, 444]}