{"initial_reset_timestamp": 1523376904.792916, "timestamps": [1523376909.5665321, 1523376916.064564, 1523376919.3629901, 1523376925.7795599, 1523376929.763285, 1523376934.67792, 1523376936.675637, 1523376944.584844, 1523376948.395751, 1523376952.116438, 1523376954.7763112, 1523376957.5950248, 1523376962.854452, 1523376966.165271, 1523376967.3849568, 1523376969.684124, 1523376971.779964, 1523376975.1662521, 1523376978.99074, 1523376981.241437, 1523376985.643008, 1523376990.57979, 1523376993.334531, 1523376998.3161259, 1523377003.305417, 1523377007.379903, 1523377009.7820868, 1523377012.80758, 1523377015.793254, 1523377017.417869, 1523377020.990328, 1523377024.684476, 1523377027.694786, 1523377034.357692, 1523377037.11831, 1523377042.492486, 1523377046.0098171, 1523377049.170912, 1523377055.5384471, 1523377059.711699, 1523377062.804522, 1523377065.350872, 1523377067.884971, 1523377071.120377, 1523377076.009977, 1523377079.647736, 1523377081.648923, 1523377084.3150148, 1523377085.7974951, 1523377090.408563, 1523377097.852603, 1523377100.215851, 1523377104.6493702, 1523377106.7684128, 1523377108.675314, 1523377110.711818, 1523377116.2228448, 1523377123.258563, 1523377128.9043221, 1523377134.00285, 1523377137.592279, 1523377141.242521, 1523377148.777707, 1523377152.644213, 1523377155.2924879, 1523377158.779274, 1523377161.815507, 1523377165.539501, 1523377167.831222, 1523377170.3280709, 1523377173.075677, 1523377176.08223, 1523377180.992602, 1523377185.9136808, 1523377189.878342, 1523377193.366945, 1523377198.054455, 1523377203.499922, 1523377205.76444, 1523377209.052584, 1523377215.529204, 1523377218.715379, 1523377224.2599418, 1523377213.635634, 1523377219.131041, 1523377222.9500952, 1523377226.183848, 1523377231.272254, 1523377234.2600372, 1523377238.765976, 1523377242.81875, 1523377247.867635, 1523377250.632193, 1523377256.502791, 1523377261.067289, 1523377263.016889, 1523377266.30202, 1523377269.501212, 1523377274.459723, 1523377279.163538], "episode_lengths": [994, 1337, 832, 1446, 1039, 1275, 521, 1918, 777, 917, 698, 655, 1302, 838, 318, 589, 547, 866, 955, 604, 1140, 1271, 705, 1292, 1289, 1127, 735, 746, 740, 426, 936, 883, 795, 1724, 710, 1346, 855, 753, 1611, 1097, 806, 671, 657, 826, 1270, 947, 506, 597, 398, 1204, 1938, 592, 1152, 560, 496, 534, 1443, 1855, 1467, 1305, 961, 964, 1877, 1024, 560, 913, 790, 991, 601, 653, 730, 775, 1283, 1304, 1022, 893, 1217, 1354, 593, 868, 1638, 836, 1410, 1257, 1428, 991, 824, 1301, 762, 1165, 1034, 1211, 701, 1505, 1187, 464, 834, 829, 1275, 1228], "episode_rewards": [37.0, 35.0, 27.0, 206.0, 67.0, 130.0, 17.0, 137.0, 33.0, 32.0, 14.0, 27.0, 43.0, 39.0, 5.0, 31.0, 36.0, 27.0, 28.0, 21.0, 46.0, 102.0, 18.0, 12.0, 167.0, 33.0, 16.0, 6.0, 32.0, 7.0, 32.0, 28.0, 36.0, 112.0, 21.0, 80.0, 22.0, 17.0, 350.0, 33.0, 25.0, 13.0, 19.0, 34.0, 52.0, 23.0, 11.0, 10.0, 11.0, 42.0, 267.0, 5.0, 43.0, 14.0, 27.0, 10.0, 304.0, 92.0, 232.0, 147.0, 26.0, 18.0, 230.0, 68.0, 12.0, 27.0, 25.0, 29.0, 13.0, 17.0, 17.0, 19.0, 71.0, 41.0, 28.0, 31.0, 42.0, 201.0, 8.0, 21.0, 35.0, 22.0, 311.0, 57.0, 50.0, 27.0, 21.0, 61.0, 18.0, 33.0, 44.0, 32.0, 35.0, 41.0, 36.0, 4.0, 17.0, 20.0, 79.0, 31.0], "episode_types": ["t", "t", "t", "t", "t", "t", "t", "t", "t", "t", "t", "t", "t", "t", "t", "t", "t", "t", "t", "t", "t", "t", "t", "t", "t", "t", "t", "t", "t", "t", "t", "t", "t", "t", "t", "t", "t", "t", "t", "t", "t", "t", "t", "t", "t", "t", "t", "t", "t", "t", "t", "t", "t", "t", "t", "t", "t", "t", "t", "t", "t", "t", "t", "t", "t", "t", "t", "t", "t", "t", "t", "t", "t", "t", "t", "t", "t", "t", "t", "t", "t", "t", "t", "t", "t", "t", "t", "t", "t", "t", "t", "t", "t", "t", "t", "t", "t", "t", "t", "t"]}