{"initial_reset_timestamp": 1523793071.006928, "timestamps": [1523793086.257813, 1523793098.102381, 1523793106.6665878, 1523793118.2813718, 1523793124.896084, 1523793133.910702, 1523793153.720046, 1523793163.956455, 1523793183.65501, 1523793193.934753, 1523793204.907775, 1523793215.79749, 1523793224.088522, 1523793235.470804, 1523793244.887587, 1523793253.5665762, 1523793262.99072, 1523793272.387507, 1523793281.379887, 1523793289.5695438, 1523793304.946078, 1523793315.704061, 1523793324.828074, 1523793334.812968, 1523793345.480853, 1523793353.674282, 1523793374.404642, 1523793393.5209658, 1523793404.32606, 1523793420.0032609, 1523793438.273254, 1523793446.570839, 1523793456.379513, 1523793471.929318, 1523793483.173404, 1523793497.885349, 1523793512.453332, 1523793523.743053, 1523793532.667868, 1523793543.478965, 1523793562.5829399, 1523793590.283504, 1523793600.6258519, 1523793606.9193149, 1523793627.538177, 1523793636.339047, 1523793650.0488808, 1523793664.597964, 1523793680.731329, 1523793692.415197, 1523793703.126579, 1523793712.1791139, 1523793722.237686, 1523793731.562334, 1523793744.927836, 1523793763.319602, 1523793775.757233, 1523793788.171875, 1523793797.974675, 1523793808.751507, 1523793816.9528801, 1523793825.2704399, 1523793838.65246, 1523793849.346221, 1523793869.150775, 1523793885.896425, 1523793898.038929, 1523793914.384067, 1523793937.8395882, 1523793955.2618089, 1523793964.434015, 1523793973.2481742, 1523793986.247869, 1523793996.229373, 1523794007.789691, 1523794018.426423, 1523794038.118261, 1523794045.8164108, 1523794055.009491, 1523794071.679342, 1523794080.600467, 1523794099.3451269, 1523794115.114465, 1523794126.6548731, 1523794135.724878, 1523794143.699605, 1523794157.196256, 1523794165.266176, 1523794172.50399, 1523794184.0015612, 1523794192.934848, 1523794203.066808, 1523794211.954895, 1523794224.390697, 1523794234.736125, 1523794258.5180511, 1523794269.031967, 1523794279.1346738, 1523794287.145605, 1523794296.613893], "episode_lengths": [1021, 764, 686, 1051, 588, 833, 1802, 942, 1397, 968, 995, 1019, 777, 1041, 887, 820, 836, 907, 869, 790, 1422, 926, 756, 901, 951, 737, 1939, 980, 1040, 1500, 1716, 765, 941, 1480, 1054, 1342, 1290, 925, 699, 950, 1606, 1893, 847, 484, 1695, 761, 998, 975, 1307, 977, 904, 746, 842, 768, 999, 1639, 999, 1070, 844, 926, 732, 739, 1201, 973, 1422, 1503, 1078, 1411, 1937, 1467, 777, 747, 1055, 816, 967, 850, 1779, 697, 864, 1572, 855, 1637, 1403, 950, 789, 737, 1042, 699, 653, 924, 769, 980, 770, 1137, 934, 1977, 873, 833, 679, 868], "episode_rewards": [31.0, 29.0, 26.0, 33.0, 32.0, 33.0, 68.0, 33.0, 52.0, 33.0, 31.0, 32.0, 28.0, 46.0, 34.0, 32.0, 30.0, 34.0, 33.0, 34.0, 51.0, 33.0, 34.0, 32.0, 33.0, 30.0, 67.0, 30.0, 32.0, 61.0, 61.0, 32.0, 32.0, 54.0, 32.0, 54.0, 51.0, 33.0, 21.0, 31.0, 56.0, 69.0, 32.0, 17.0, 63.0, 33.0, 33.0, 31.0, 55.0, 32.0, 32.0, 29.0, 34.0, 34.0, 32.0, 68.0, 33.0, 32.0, 33.0, 32.0, 32.0, 33.0, 34.0, 32.0, 63.0, 63.0, 32.0, 67.0, 72.0, 56.0, 34.0, 31.0, 34.0, 33.0, 32.0, 34.0, 65.0, 31.0, 26.0, 57.0, 34.0, 66.0, 59.0, 34.0, 34.0, 33.0, 34.0, 26.0, 26.0, 30.0, 35.0, 33.0, 28.0, 33.0, 32.0, 62.0, 33.0, 24.0, 32.0, 33.0], "episode_types": ["t", "t", "t", "t", "t", "t", "t", "t", "t", "t", "t", "t", "t", "t", "t", "t", "t", "t", "t", "t", "t", "t", "t", "t", "t", "t", "t", "t", "t", "t", "t", "t", "t", "t", "t", "t", "t", "t", "t", "t", "t", "t", "t", "t", "t", "t", "t", "t", "t", "t", "t", "t", "t", "t", "t", "t", "t", "t", "t", "t", "t", "t", "t", "t", "t", "t", "t", "t", "t", "t", "t", "t", "t", "t", "t", "t", "t", "t", "t", "t", "t", "t", "t", "t", "t", "t", "t", "t", "t", "t", "t", "t", "t", "t", "t", "t", "t", "t", "t", "t"]}