{"initial_reset_timestamp": 1523792990.5943239, "timestamps": [1523793024.2882502, 1523793079.0451782, 1523793139.2612338, 1523793196.358599, 1523793251.599979, 1523793306.5008059, 1523793364.380686, 1523793417.7050529, 1523793482.472974, 1523793541.455219, 1523793608.188083, 1523793675.0052218, 1523793738.044688, 1523793799.249923, 1523793857.193921, 1523793915.169547, 1523793976.012095, 1523794036.547385, 1523794091.272405, 1523794149.1311371, 1523794206.661994, 1523794265.761184, 1523794317.743535, 1523794362.985302, 1523794416.376968, 1523794464.5195289, 1523794514.656832, 1523794581.9585972, 1523794614.283843, 1523794658.3913999, 1523794702.2622862, 1523794745.853218, 1523794789.311668, 1523794833.776654, 1523794869.7262442, 1523794902.889795, 1523794936.237409, 1523794968.777021, 1523795001.311029, 1523795034.444233, 1523795059.46325, 1523795081.8702562, 1523795103.379037, 1523795124.8428779, 1523795146.2564402, 1523795167.6855109, 1523795189.0324259, 1523795210.5654411, 1523795232.453418, 1523795254.049075, 1523795275.44732, 1523795296.753042, 1523795317.834661, 1523795338.8454359, 1523795359.749821, 1523795380.546137, 1523795400.568345, 1523795424.475463, 1523795446.62762, 1523795469.238722, 1523795491.470568, 1523795513.37264, 1523795534.647379, 1523795555.9878871, 1523795581.8391879, 1523795603.374649, 1523795624.860276, 1523795646.650269, 1523795667.528325, 1523795688.8742762, 1523795710.169507, 1523795731.685659, 1523795752.884258, 1523795774.9900749, 1523795796.341005, 1523795818.01441, 1523795839.235977, 1523795860.670519, 1523795882.169462, 1523795903.678041, 1523795924.9107368, 1523795946.3681269, 1523795968.565257, 1523795990.7227762, 1523796012.8646688, 1523796034.3945081, 1523796055.877514, 1523796077.517693, 1523796098.420759, 1523796119.7179258, 1523796140.942202, 1523796162.151701, 1523796183.214974, 1523796204.431392, 1523796225.395401, 1523796246.363766, 1523796267.365095, 1523796288.354928, 1523796309.3177679, 1523796328.4971662], "episode_lengths": [4491, 4492, 4495, 4495, 4493, 4491, 4492, 4497, 4491, 4496, 4494, 4495, 4498, 4497, 4497, 4494, 4496, 4492, 4493, 4497, 4494, 4498, 4492, 4493, 4491, 4494, 4492, 4492, 4494, 4498, 4495, 4493, 4491, 4497, 4496, 4495, 4498, 4491, 4495, 4493, 4494, 4495, 4492, 4497, 4491, 4492, 4495, 4492, 4497, 4495, 4498, 4497, 4491, 4495, 4495, 4496, 4498, 4495, 4494, 4492, 4498, 4495, 4496, 4496, 4492, 4497, 4495, 4497, 4492, 4495, 4498, 4495, 4498, 4498, 4491, 4496, 4494, 4493, 4498, 4491, 4493, 4496, 4492, 4495, 4491, 4491, 4491, 4498, 4497, 4496, 4496, 4493, 4491, 4497, 4497, 4497, 4491, 4496, 4493, 4494], "episode_rewards": [315.0, 365.0, 314.0, 347.0, 264.0, 331.0, 361.0, 363.0, 376.0, 356.0, 333.0, 354.0, 346.0, 282.0, 309.0, 397.0, 337.0, 338.0, 333.0, 337.0, 366.0, 309.0, 332.0, 364.0, 318.0, 293.0, 316.0, 302.0, 367.0, 323.0, 302.0, 290.0, 366.0, 340.0, 339.0, 300.0, 379.0, 320.0, 347.0, 379.0, 283.0, 378.0, 312.0, 379.0, 294.0, 356.0, 285.0, 334.0, 330.0, 388.0, 319.0, 349.0, 315.0, 319.0, 371.0, 299.0, 328.0, 328.0, 328.0, 333.0, 319.0, 320.0, 349.0, 346.0, 347.0, 327.0, 326.0, 320.0, 318.0, 323.0, 401.0, 335.0, 343.0, 308.0, 324.0, 344.0, 312.0, 363.0, 286.0, 335.0, 358.0, 258.0, 285.0, 342.0, 341.0, 308.0, 289.0, 299.0, 306.0, 354.0, 299.0, 350.0, 333.0, 313.0, 273.0, 369.0, 305.0, 310.0, 321.0, 372.0], "episode_types": ["t", "t", "t", "t", "t", "t", "t", "t", "t", "t", "t", "t", "t", "t", "t", "t", "t", "t", "t", "t", "t", "t", "t", "t", "t", "t", "t", "t", "t", "t", "t", "t", "t", "t", "t", "t", "t", "t", "t", "t", "t", "t", "t", "t", "t", "t", "t", "t", "t", "t", "t", "t", "t", "t", "t", "t", "t", "t", "t", "t", "t", "t", "t", "t", "t", "t", "t", "t", "t", "t", "t", "t", "t", "t", "t", "t", "t", "t", "t", "t", "t", "t", "t", "t", "t", "t", "t", "t", "t", "t", "t", "t", "t", "t", "t", "t", "t", "t", "t", "t"]}