{"initial_reset_timestamp": 1524699404.367388, "timestamps": [1524699436.296212, 1524699495.547106, 1524699548.759466, 1524699601.3499289, 1524699661.199178, 1524699718.752107, 1524699777.683947, 1524699845.637681, 1524699916.987207, 1524699977.840364, 1524700043.182198, 1524700099.2282329, 1524700159.171872, 1524700222.7660842, 1524700285.3964632, 1524700353.549275, 1524700420.392266, 1524700487.837358, 1524700549.257486, 1524700609.770294, 1524700674.117188, 1524700738.754616, 1524700801.196641, 1524700863.665716, 1524700924.24303, 1524700982.4348512, 1524701041.027294, 1524701113.712555, 1524701179.97799, 1524701242.126818, 1524701304.197263, 1524701359.792428, 1524701413.592342, 1524701477.384372, 1524701528.854982, 1524701576.850682, 1524701614.3026078, 1524701651.668264, 1524701687.711988, 1524701725.9954119, 1524701765.48779, 1524701805.943179, 1524701847.783345, 1524701887.1731782, 1524701926.42488, 1524701966.1420422, 1524702005.586504, 1524702035.014113, 1524702062.507898, 1524702089.070663, 1524702116.369715, 1524702142.7936902, 1524702169.0383549, 1524702195.954238, 1524702222.230368, 1524702249.307723, 1524702278.687383, 1524702307.466104, 1524702336.470836, 1524702365.0759768, 1524702393.727165, 1524702421.016376, 1524702447.801916, 1524702475.6964722, 1524702509.1668549, 1524702536.882696, 1524702564.3386428, 1524702589.636158, 1524702612.120561, 1524702634.259804, 1524702655.8156319, 1524702677.3609421, 1524702698.276612, 1524702712.600595, 1524702726.897682, 1524702741.398041, 1524702755.583961, 1524702769.839467, 1524702784.350985, 1524702798.943912, 1524702813.2354062, 1524702827.52408, 1524702841.754103, 1524702856.0645561, 1524702870.407169, 1524702884.6979158, 1524702898.917723, 1524702913.278492, 1524702927.5051498, 1524702941.822197, 1524702957.616585, 1524702975.241506, 1524702992.091052, 1524703009.1637042, 1524703026.640311, 1524703042.508184, 1524703056.7435641, 1524703071.0161548, 1524703085.2785852, 1524703099.548159], "episode_lengths": [4492, 4493, 4497, 4498, 4493, 4496, 4492, 4494, 4498, 4494, 4498, 4495, 4496, 4494, 4493, 4492, 4498, 4493, 4494, 4492, 4491, 4498, 4497, 4492, 4492, 4492, 4492, 4494, 4491, 4496, 4493, 4492, 4495, 4493, 4493, 4496, 4493, 4496, 4497, 4491, 4494, 4498, 4495, 4497, 4493, 4492, 4497, 4498, 4495, 4493, 4494, 4492, 4495, 4492, 4497, 4496, 4498, 4498, 4497, 4496, 4494, 4491, 4492, 4496, 4498, 4497, 4495, 4496, 4494, 4493, 4493, 4493, 4497, 4491, 4492, 4492, 4497, 4496, 4498, 4496, 4497, 4492, 4494, 4491, 4498, 4493, 4493, 4497, 4497, 4497, 4494, 4492, 4498, 4497, 4497, 4497, 4493, 4498, 4493, 4497], "episode_rewards": [308.0, 337.0, 344.0, 329.0, 299.0, 280.0, 321.0, 339.0, 289.0, 339.0, 298.0, 296.0, 311.0, 320.0, 326.0, 360.0, 302.0, 310.0, 265.0, 329.0, 323.0, 318.0, 296.0, 355.0, 360.0, 343.0, 345.0, 315.0, 336.0, 276.0, 273.0, 299.0, 316.0, 331.0, 327.0, 308.0, 298.0, 296.0, 339.0, 289.0, 342.0, 279.0, 283.0, 322.0, 308.0, 312.0, 335.0, 346.0, 330.0, 303.0, 339.0, 310.0, 353.0, 320.0, 291.0, 316.0, 362.0, 338.0, 317.0, 349.0, 354.0, 293.0, 295.0, 312.0, 344.0, 327.0, 358.0, 308.0, 279.0, 320.0, 315.0, 315.0, 349.0, 293.0, 323.0, 343.0, 329.0, 313.0, 299.0, 363.0, 313.0, 304.0, 335.0, 296.0, 378.0, 337.0, 351.0, 338.0, 326.0, 355.0, 262.0, 395.0, 323.0, 284.0, 314.0, 287.0, 293.0, 325.0, 321.0, 318.0], "episode_types": ["t", "t", "t", "t", "t", "t", "t", "t", "t", "t", "t", "t", "t", "t", "t", "t", "t", "t", "t", "t", "t", "t", "t", "t", "t", "t", "t", "t", "t", "t", "t", "t", "t", "t", "t", "t", "t", "t", "t", "t", "t", "t", "t", "t", "t", "t", "t", "t", "t", "t", "t", "t", "t", "t", "t", "t", "t", "t", "t", "t", "t", "t", "t", "t", "t", "t", "t", "t", "t", "t", "t", "t", "t", "t", "t", "t", "t", "t", "t", "t", "t", "t", "t", "t", "t", "t", "t", "t", "t", "t", "t", "t", "t", "t", "t", "t", "t", "t", "t", "t"]}