{"initial_reset_timestamp": 1524370414.303351, "timestamps": [1524370448.0540411, 1524370489.669247, 1524370519.332159, 1524370564.169421, 1524370590.7103, 1524370641.7364612, 1524370676.87044, 1524370712.817867, 1524370747.269709, 1524370779.089322, 1524370816.761927, 1524370855.324127, 1524370895.7688498, 1524370921.301551, 1524370969.688569, 1524371019.177835, 1524371052.126016, 1524371083.346297, 1524371137.2268648, 1524371193.92167, 1524371216.67422, 1524371243.4721339, 1524371285.867102, 1524371331.4456651, 1524371365.605574, 1524371397.638554, 1524371433.8441331, 1524371478.616032, 1524371528.093007, 1524371545.811571, 1524371573.948759, 1524371613.714923, 1524371657.0358012, 1524371697.7745972, 1524371725.768786, 1524371752.990228, 1524371775.245693, 1524371802.861749, 1524371836.93376, 1524371863.191595, 1524371896.031625, 1524371915.850344, 1524371948.123018, 1524371983.9863172, 1524372030.165469, 1524372064.501214, 1524372090.7634182, 1524372127.4834502, 1524372149.070155, 1524372174.740969, 1524372203.8310559, 1524372237.010559, 1524372258.748239, 1524372282.5408099, 1524372316.713658, 1524372338.9638, 1524372369.173492, 1524372396.385198, 1524372416.308773, 1524372438.796941, 1524372464.428847, 1524372484.858717, 1524372502.174436, 1524372520.859466, 1524372538.467873, 1524372559.091834, 1524372574.51124, 1524372598.544362, 1524372612.7846851, 1524372639.0584, 1524372653.694605, 1524372673.259089, 1524372701.776698, 1524372720.9548001, 1524372735.686951, 1524372753.869621, 1524372769.6767051, 1524372783.037803, 1524372797.7033112, 1524372812.780391, 1524372832.372854, 1524372845.840446, 1524372853.306056, 1524372864.729377, 1524372876.336803, 1524372889.355218, 1524372907.4026098, 1524372921.695405, 1524372935.35215, 1524372946.765924, 1524372961.594093, 1524372969.930895, 1524372984.3264031, 1524373002.13601, 1524373011.2689002, 1524373025.513742, 1524373037.352648, 1524373048.3579829, 1524373061.3701901, 1524373077.4390972], "episode_lengths": [2382, 2792, 2408, 3677, 2282, 4187, 3110, 3004, 2292, 2570, 2970, 3043, 3161, 2000, 3748, 3987, 2693, 2522, 4082, 4493, 1874, 2074, 2960, 3533, 2536, 2436, 2894, 3022, 3970, 1458, 2110, 3158, 3620, 3569, 2475, 2406, 2032, 2443, 2967, 1856, 2626, 1716, 2719, 3002, 3818, 3149, 2634, 3750, 2215, 2637, 2945, 3273, 2298, 2634, 3524, 2242, 3277, 3070, 2705, 2933, 3372, 2585, 2319, 2585, 2096, 2901, 2046, 3527, 2105, 3873, 2129, 2910, 4242, 2853, 2154, 3358, 3547, 2989, 3350, 3123, 3989, 2956, 1677, 2513, 2611, 2885, 4075, 3232, 3071, 2553, 3377, 1958, 3343, 4160, 2105, 3328, 2764, 2566, 2973, 3610], "episode_rewards": [198.0, 239.0, 206.0, 372.0, 206.0, 380.0, 288.0, 260.0, 177.0, 207.0, 250.0, 324.0, 288.0, 117.0, 347.0, 351.0, 239.0, 249.0, 409.0, 472.0, 149.0, 158.0, 249.0, 342.0, 258.0, 235.0, 262.0, 286.0, 368.0, 111.0, 178.0, 286.0, 356.0, 328.0, 169.0, 174.0, 132.0, 218.0, 240.0, 129.0, 229.0, 125.0, 235.0, 276.0, 364.0, 308.0, 257.0, 377.0, 185.0, 210.0, 258.0, 331.0, 199.0, 229.0, 340.0, 197.0, 332.0, 286.0, 270.0, 315.0, 263.0, 224.0, 180.0, 216.0, 180.0, 270.0, 158.0, 376.0, 174.0, 399.0, 198.0, 268.0, 418.0, 244.0, 219.0, 300.0, 406.0, 306.0, 332.0, 277.0, 420.0, 287.0, 100.0, 212.0, 246.0, 274.0, 423.0, 312.0, 269.0, 196.0, 270.0, 152.0, 309.0, 380.0, 150.0, 302.0, 271.0, 209.0, 249.0, 358.0], "episode_types": ["t", "t", "t", "t", "t", "t", "t", "t", "t", "t", "t", "t", "t", "t", "t", "t", "t", "t", "t", "t", "t", "t", "t", "t", "t", "t", "t", "t", "t", "t", "t", "t", "t", "t", "t", "t", "t", "t", "t", "t", "t", "t", "t", "t", "t", "t", "t", "t", "t", "t", "t", "t", "t", "t", "t", "t", "t", "t", "t", "t", "t", "t", "t", "t", "t", "t", "t", "t", "t", "t", "t", "t", "t", "t", "t", "t", "t", "t", "t", "t", "t", "t", "t", "t", "t", "t", "t", "t", "t", "t", "t", "t", "t", "t", "t", "t", "t", "t", "t", "t"]}