{"initial_reset_timestamp": 1524955240.313725, "timestamps": [1524955248.078947, 1524955254.123837, 1524955291.412106, 1524955395.0521972, 1524955468.2617202, 1524955472.676076, 1524955477.333202, 1524955481.649225, 1524955492.857635, 1524955497.483437, 1524955502.179442, 1524955544.287387, 1524955622.930242, 1524955627.793002, 1524955631.9766972, 1524955636.554728, 1524955641.0412421, 1524955676.84913, 1524955680.9110641, 1524955761.5102878, 1524955766.228288, 1524955791.005722, 1524955853.5504131, 1524955864.279228, 1524955869.5220249, 1524955873.6570308, 1524955878.384804, 1524955883.357193, 1524955887.7655349, 1524955941.886338, 1524955960.588015, 1524956066.099333, 1524956072.382275, 1524956078.366195, 1524956084.893385, 1524956104.556968, 1524956126.782609, 1524956131.4317162, 1524956214.109026, 1524956373.261825, 1524956377.8084412, 1524956382.548458, 1524956418.162238, 1524956422.704719, 1524956427.788513, 1524956508.8130581, 1524956512.8968582, 1524956517.094464, 1524956527.327093, 1524956532.3571799, 1524956645.787363, 1524956650.2309508, 1524956654.527324, 1524956659.021753, 1524956664.012674, 1524956759.8586009, 1524956842.013172, 1524956875.7815769, 1524956893.200168, 1524956897.535732, 1524956915.6685388, 1524956975.1777349, 1524956995.532644, 1524957062.7014132, 1524957079.979004, 1524957106.284702, 1524957142.117652, 1524957146.4386718, 1524957227.6323369, 1524957231.501567, 1524957308.359178, 1524957385.025165, 1524957399.9709282, 1524957404.1231842, 1524957408.817378, 1524957413.591379, 1524957417.756913, 1524957422.0373409, 1524957452.6784372, 1524957510.34437, 1524957542.188032, 1524957546.9964302, 1524957551.794504, 1524957632.518311, 1524957675.514584, 1524957679.7965682, 1524957695.20828, 1524957700.014508, 1524957704.387276, 1524957708.8027232, 1524957721.31219, 1524957725.3332632, 1524957729.51177, 1524957782.474067, 1524957849.846045, 1524957901.402744, 1524957906.059326, 1524957910.5920908, 1524957914.709728, 1524958001.506921], "episode_lengths": [113, 109, 900, 2731, 1954, 113, 112, 114, 280, 119, 120, 1112, 2023, 127, 105, 118, 116, 958, 105, 2089, 117, 640, 1626, 274, 129, 103, 121, 122, 114, 1430, 386, 2081, 115, 109, 120, 477, 571, 113, 2089, 4050, 112, 116, 903, 113, 123, 2079, 105, 108, 261, 125, 2893, 110, 105, 111, 123, 2434, 2083, 887, 454, 114, 482, 1575, 515, 1735, 452, 673, 915, 107, 2086, 102, 2082, 2076, 395, 109, 123, 125, 110, 112, 819, 1537, 821, 122, 120, 2077, 1160, 113, 411, 126, 112, 116, 333, 106, 107, 1408, 1740, 1274, 118, 115, 107, 2171], "episode_rewards": [98.0, 94.0, 72.0, -117.0, -112.0, 101.0, 101.0, 98.0, 226.0, 105.0, 101.0, 20.0, -129.0, 103.0, 92.0, 104.0, 102.0, 49.0, 92.0, -218.0, 102.0, 176.0, 40.0, 207.0, 116.0, 87.0, 106.0, 111.0, 95.0, -25.0, 158.0, -187.0, 103.0, 99.0, 108.0, 197.0, 175.0, 103.0, -210.0, -460.0, 102.0, 102.0, 59.0, 98.0, 109.0, -124.0, 94.0, 97.0, 205.0, 106.0, -253.0, 98.0, 95.0, 93.0, 110.0, -150.0, -108.0, 121.0, 117.0, 102.0, 304.0, -54.0, 138.0, -124.0, 120.0, 141.0, 126.0, 93.0, -198.0, 92.0, -162.0, -204.0, 187.0, 97.0, 109.0, 102.0, 100.0, 98.0, 64.0, 18.0, 82.0, 103.0, 109.0, -159.0, 11.0, 99.0, 241.0, 109.0, 98.0, 101.0, 242.0, 93.0, 95.0, 83.0, 26.0, 25.0, 104.0, 100.0, 96.0, -55.0], "episode_types": ["t", "t", "t", "t", "t", "t", "t", "t", "t", "t", "t", "t", "t", "t", "t", "t", "t", "t", "t", "t", "t", "t", "t", "t", "t", "t", "t", "t", "t", "t", "t", "t", "t", "t", "t", "t", "t", "t", "t", "t", "t", "t", "t", "t", "t", "t", "t", "t", "t", "t", "t", "t", "t", "t", "t", "t", "t", "t", "t", "t", "t", "t", "t", "t", "t", "t", "t", "t", "t", "t", "t", "t", "t", "t", "t", "t", "t", "t", "t", "t", "t", "t", "t", "t", "t", "t", "t", "t", "t", "t", "t", "t", "t", "t", "t", "t", "t", "t", "t", "t"]}