{"initial_reset_timestamp": 1523314259.815291, "timestamps": [1523314260.355457, 1523314261.037817, 1523314261.4158049, 1523314261.805059, 1523314262.09919, 1523314262.485388, 1523314262.8039942, 1523314263.3340511, 1523314264.198446, 1523314264.590944, 1523314264.996417, 1523314265.3794508, 1523314266.041913, 1523314266.478413, 1523314266.927791, 1523314267.315399, 1523314267.712692, 1523314268.2012942, 1523314268.463545, 1523314268.808772, 1523314269.20886, 1523314269.682879, 1523314269.948096, 1523314270.488095, 1523314270.796623, 1523314271.09795, 1523314271.44944, 1523314271.85306, 1523314272.239732, 1523314272.665833, 1523314272.9882848, 1523314273.443572, 1523314273.968948, 1523314274.335501, 1523314275.003646, 1523314275.499428, 1523314275.9898481, 1523314276.3764749, 1523314276.700031, 1523314277.157355, 1523314277.48047, 1523314277.754412, 1523314278.1958761, 1523314278.536746, 1523314279.123322, 1523314279.461977, 1523314279.89119, 1523314280.342325, 1523314280.626079, 1523314280.97691, 1523314281.308863, 1523314281.625602, 1523314281.9131489, 1523314282.27265, 1523314282.58415, 1523314282.926948, 1523314283.357854, 1523314284.0280871, 1523314284.344287, 1523314284.6893811, 1523314284.963068, 1523314285.330774, 1523314285.606198, 1523314286.010398, 1523314286.9257119, 1523314287.211415, 1523314287.595911, 1523314288.154471, 1523314288.439592, 1523314288.898475, 1523314289.277455, 1523314289.632042, 1523314289.937301, 1523314290.4693172, 1523314290.828114, 1523314291.19248, 1523314291.524582, 1523314291.8388789, 1523314292.161628, 1523314292.468417, 1523314293.143451, 1523314293.4871528, 1523314293.75859, 1523314294.0261838, 1523314294.408054, 1523314294.725065, 1523314295.170728, 1523314295.628393, 1523314295.893216, 1523314296.307053, 1523314296.597793, 1523314296.905219, 1523314297.258085, 1523314297.75913, 1523314298.291391, 1523314298.5404968, 1523314298.984583, 1523314299.376647, 1523314299.662931, 1523314300.0284832], "episode_lengths": [173, 227, 169, 187, 133, 208, 150, 205, 243, 132, 183, 133, 260, 170, 146, 133, 140, 209, 137, 141, 203, 217, 138, 248, 130, 147, 150, 135, 178, 135, 137, 169, 229, 134, 246, 208, 207, 144, 131, 168, 134, 136, 195, 131, 273, 174, 204, 212, 132, 191, 134, 144, 133, 129, 152, 177, 183, 258, 135, 160, 129, 135, 126, 198, 320, 139, 163, 254, 127, 221, 148, 184, 130, 209, 153, 185, 131, 145, 130, 127, 308, 158, 129, 134, 174, 136, 214, 159, 132, 178, 136, 153, 140, 242, 248, 135, 198, 180, 132, 180], "episode_rewards": [1.0, 2.0, 1.0, 2.0, 0.0, 2.0, 0.0, 2.0, 3.0, 0.0, 1.0, 0.0, 6.0, 1.0, 0.0, 0.0, 0.0, 2.0, 0.0, 0.0, 2.0, 2.0, 0.0, 3.0, 0.0, 0.0, 0.0, 0.0, 1.0, 0.0, 0.0, 1.0, 2.0, 0.0, 4.0, 2.0, 2.0, 0.0, 0.0, 1.0, 0.0, 0.0, 2.0, 0.0, 3.0, 1.0, 2.0, 2.0, 0.0, 2.0, 0.0, 0.0, 0.0, 0.0, 0.0, 1.0, 1.0, 3.0, 0.0, 1.0, 0.0, 0.0, 0.0, 2.0, 4.0, 0.0, 1.0, 3.0, 0.0, 2.0, 0.0, 1.0, 0.0, 2.0, 0.0, 1.0, 0.0, 0.0, 0.0, 0.0, 4.0, 1.0, 0.0, 0.0, 1.0, 0.0, 3.0, 1.0, 0.0, 1.0, 0.0, 0.0, 0.0, 2.0, 3.0, 0.0, 1.0, 1.0, 0.0, 1.0], "episode_types": ["t", "t", "t", "t", "t", "t", "t", "t", "t", "t", "t", "t", "t", "t", "t", "t", "t", "t", "t", "t", "t", "t", "t", "t", "t", "t", "t", "t", "t", "t", "t", "t", "t", "t", "t", "t", "t", "t", "t", "t", "t", "t", "t", "t", "t", "t", "t", "t", "t", "t", "t", "t", "t", "t", "t", "t", "t", "t", "t", "t", "t", "t", "t", "t", "t", "t", "t", "t", "t", "t", "t", "t", "t", "t", "t", "t", "t", "t", "t", "t", "t", "t", "t", "t", "t", "t", "t", "t", "t", "t", "t", "t", "t", "t", "t", "t", "t", "t", "t", "t"]}