{"initial_reset_timestamp": 1527276097.4464378, "timestamps": [1527276102.7650402, 1527276108.624317, 1527276112.175415, 1527276115.994643, 1527276118.368594, 1527276121.346715, 1527276124.6594691, 1527276127.987136, 1527276132.031017, 1527276135.899816, 1527276140.3576372, 1527276143.850297, 1527276147.455456, 1527276151.439942, 1527276153.841484, 1527276157.458945, 1527276160.795561, 1527276164.9388, 1527276168.229611, 1527276172.550536, 1527276177.145041, 1527276179.7174752, 1527276182.45843, 1527276185.133064, 1527276189.848311, 1527276193.5067232, 1527276197.442046, 1527276201.339186, 1527276205.196504, 1527276209.093652, 1527276212.693233, 1527276214.8742778, 1527276218.416972, 1527276222.77774, 1527276226.2903008, 1527276229.509347, 1527276231.146683, 1527276235.295255, 1527276238.286974, 1527276241.339755, 1527276244.732399, 1527276248.2133539, 1527276251.21095, 1527276254.987294, 1527276257.1281621, 1527276259.152559, 1527276263.328096, 1527276266.3812962, 1527276269.7604039, 1527276272.268172, 1527276275.238962, 1527276278.861831, 1527276281.757576, 1527276285.759874, 1527276290.036792, 1527276293.652677, 1527276297.146998, 1527276300.490326, 1527276304.455731, 1527276307.9759738, 1527276311.630111, 1527276314.569288, 1527276318.793671, 1527276322.550932, 1527276328.004249, 1527276330.882195, 1527276334.574998, 1527276337.1762629, 1527276340.814141, 1527276343.5958982, 1527276346.920228, 1527276349.646923, 1527276352.125468, 1527276355.659154, 1527276359.309451, 1527276362.461777, 1527276364.684683, 1527276367.111063, 1527276371.138449, 1527276373.637275, 1527276375.572928, 1527276379.0055091, 1527276382.926178, 1527276385.939866, 1527276390.199606, 1527276394.8092742, 1527276398.324554, 1527276402.030462, 1527276404.511661, 1527276407.857486, 1527276411.494869, 1527276414.009021, 1527276417.2716749, 1527276419.873821, 1527276423.815226, 1527276429.071851, 1527276433.26591, 1527276437.0225978, 1527276440.7507951, 1527276443.253108], "episode_lengths": [310, 341, 289, 296, 182, 229, 255, 257, 239, 287, 335, 274, 284, 294, 191, 271, 257, 333, 264, 344, 367, 214, 228, 221, 383, 298, 320, 235, 314, 317, 289, 182, 289, 353, 289, 267, 139, 338, 248, 253, 282, 288, 248, 310, 182, 170, 340, 251, 278, 211, 246, 300, 240, 327, 349, 297, 287, 274, 323, 290, 297, 245, 344, 310, 328, 233, 299, 216, 299, 232, 273, 227, 207, 287, 296, 262, 186, 202, 332, 205, 163, 281, 322, 250, 344, 373, 290, 303, 203, 266, 271, 198, 260, 212, 315, 390, 319, 289, 294, 205], "episode_rewards": [-1.0, -1.0, -1.0, -1.0, -1.0, -1.0, -1.0, -1.0, -1.0, -1.0, -1.0, -1.0, 0.0, -1.0, -1.0, -1.0, -1.0, -1.0, -1.0, 0.0, -1.0, -1.0, -1.0, -1.0, -1.0, -1.0, -1.0, -1.0, -1.0, -1.0, -1.0, -1.0, -1.0, -1.0, -1.0, -1.0, -1.0, -1.0, -1.0, -1.0, -1.0, -1.0, -1.0, -1.0, -1.0, -1.0, -1.0, -1.0, -1.0, -1.0, -1.0, 0.0, -1.0, -1.0, -1.0, -1.0, -1.0, -1.0, -1.0, -1.0, -1.0, -1.0, -1.0, -1.0, -1.0, -1.0, -1.0, -1.0, -1.0, -1.0, -1.0, -1.0, -1.0, -1.0, -1.0, -1.0, -1.0, -1.0, 0.0, -1.0, -1.0, -1.0, -1.0, -1.0, -1.0, -1.0, -1.0, -1.0, -1.0, -1.0, -1.0, -1.0, -1.0, -1.0, -1.0, -1.0, -1.0, -1.0, -1.0, -1.0], "episode_types": ["t", "t", "t", "t", "t", "t", "t", "t", "t", "t", "t", "t", "t", "t", "t", "t", "t", "t", "t", "t", "t", "t", "t", "t", "t", "t", "t", "t", "t", "t", "t", "t", "t", "t", "t", "t", "t", "t", "t", "t", "t", "t", "t", "t", "t", "t", "t", "t", "t", "t", "t", "t", "t", "t", "t", "t", "t", "t", "t", "t", "t", "t", "t", "t", "t", "t", "t", "t", "t", "t", "t", "t", "t", "t", "t", "t", "t", "t", "t", "t", "t", "t", "t", "t", "t", "t", "t", "t", "t", "t", "t", "t", "t", "t", "t", "t", "t", "t", "t", "t"]}