{"initial_reset_timestamp": 1534658372.009574, "timestamps": [1534658372.7460349, 1534658373.24695, 1534658373.718417, 1534658374.153072, 1534658374.824726, 1534658375.257128, 1534658375.603541, 1534658376.349704, 1534658376.823724, 1534658377.164393, 1534658378.3537989, 1534658378.68681, 1534658379.1080918, 1534658379.6857731, 1534658380.271793, 1534658380.8543448, 1534658381.285537, 1534658381.7679548, 1534658382.6105092, 1534658383.402875, 1534658383.881739, 1534658384.770664, 1534658385.1432178, 1534658385.571289, 1534658386.0224671, 1534658387.03807, 1534658387.719641, 1534658388.339797, 1534658388.766939, 1534658389.505669, 1534658390.191618, 1534658391.005429, 1534658391.703896, 1534658392.1536572, 1534658392.4993238, 1534658393.482732, 1534658394.0051699, 1534658394.6903381, 1534658395.554327, 1534658396.624896, 1534658397.037693, 1534658397.534461, 1534658397.947762, 1534658398.58476, 1534658399.184561, 1534658399.853458, 1534658400.620658, 1534658401.0005069, 1534658401.588394, 1534658401.9437969, 1534658402.273673, 1534658403.200168, 1534658403.582036, 1534658404.0181298, 1534658404.707558, 1534658405.353111, 1534658406.249535, 1534658406.542015, 1534658407.424809, 1534658407.8488681, 1534658408.193541, 1534658408.631191, 1534658409.544991, 1534658409.8999832, 1534658410.338314, 1534658410.80303, 1534658411.201865, 1534658411.47998, 1534658412.306307, 1534658413.2044601, 1534658413.8840902, 1534658414.249275, 1534658414.781475, 1534658415.5062668, 1534658416.0170612, 1534658416.4589188, 1534658417.42825, 1534658418.067171, 1534658418.595375, 1534658419.4279199, 1534658419.76328, 1534658420.471924, 1534658421.171381, 1534658421.8457322, 1534658422.599861, 1534658423.538421, 1534658424.138714, 1534658424.59711, 1534658425.170465, 1534658426.197951, 1534658426.575458, 1534658427.573757, 1534658428.003855, 1534658428.4045792, 1534658429.3022552, 1534658429.811667, 1534658430.569068, 1534658431.12339, 1534658431.511167, 1534658431.840853], "episode_lengths": [38, 36, 45, 45, 71, 45, 34, 77, 40, 29, 123, 33, 43, 51, 43, 54, 39, 44, 80, 84, 46, 95, 35, 38, 41, 94, 64, 48, 36, 74, 66, 69, 66, 42, 31, 96, 51, 62, 79, 104, 36, 35, 39, 63, 60, 68, 81, 38, 61, 36, 32, 99, 39, 46, 75, 70, 99, 29, 97, 45, 35, 46, 100, 37, 37, 45, 42, 28, 90, 99, 74, 37, 57, 79, 55, 47, 107, 69, 57, 90, 34, 77, 76, 74, 82, 102, 64, 49, 61, 111, 37, 104, 44, 41, 94, 53, 81, 59, 40, 34], "episode_rewards": [166.0, 168.0, 167.0, 370.0, 363.0, 163.0, 152.0, 479.0, 167.0, 174.0, 664.0, 173.0, 173.0, 165.0, 161.0, 160.0, 168.0, 367.0, 404.0, 375.0, 164.0, 381.0, 165.0, 166.0, 164.0, 379.0, 374.0, 163.0, 168.0, 477.0, 370.0, 384.0, 389.0, 165.0, 167.0, 470.0, 159.0, 386.0, 471.0, 376.0, 169.0, 169.0, 165.0, 377.0, 369.0, 495.0, 431.0, 165.0, 397.0, 165.0, 173.0, 372.0, 167.0, 163.0, 388.0, 385.0, 376.0, 167.0, 378.0, 167.0, 163.0, 363.0, 693.0, 167.0, 164.0, 163.0, 161.0, 158.0, 383.0, 470.0, 386.0, 163.0, 370.0, 487.0, 162.0, 161.0, 431.0, 387.0, 162.0, 377.0, 168.0, 475.0, 488.0, 161.0, 380.0, 377.0, 382.0, 164.0, 395.0, 375.0, 166.0, 465.0, 164.0, 160.0, 386.0, 162.0, 486.0, 382.0, 166.0, 166.0], "episode_types": ["t", "t", "t", "t", "t", "t", "t", "t", "t", "t", "t", "t", "t", "t", "t", "t", "t", "t", "t", "t", "t", "t", "t", "t", "t", "t", "t", "t", "t", "t", "t", "t", "t", "t", "t", "t", "t", "t", "t", "t", "t", "t", "t", "t", "t", "t", "t", "t", "t", "t", "t", "t", "t", "t", "t", "t", "t", "t", "t", "t", "t", "t", "t", "t", "t", "t", "t", "t", "t", "t", "t", "t", "t", "t", "t", "t", "t", "t", "t", "t", "t", "t", "t", "t", "t", "t", "t", "t", "t", "t", "t", "t", "t", "t", "t", "t", "t", "t", "t", "t"]}