{"initial_reset_timestamp": 1534711645.314922, "timestamps": [1534711645.986687, 1534711648.991997, 1534711649.614437, 1534711650.22722, 1534711650.804211, 1534711651.190892, 1534711652.856427, 1534711654.333675, 1534711655.3612359, 1534711658.878177, 1534711659.655107, 1534711662.468656, 1534711665.3906019, 1534711668.5647418, 1534711671.861493, 1534711672.5790348, 1534711674.7368882, 1534711676.463372, 1534711677.221529, 1534711677.66736, 1534711678.1805491, 1534711678.592903, 1534711680.0989592, 1534711680.836831, 1534711683.295686, 1534711685.236552, 1534711686.06464, 1534711686.912726, 1534711690.214551, 1534711691.923069, 1534711693.5634828, 1534711694.3782709, 1534711695.0673668, 1534711695.678229, 1534711699.016211, 1534711700.4003131, 1534711701.418679, 1534711701.988281, 1534711704.964808, 1534711705.652595, 1534711706.236063, 1534711706.907637, 1534711707.9060721, 1534711708.691127, 1534711709.772182, 1534711710.4381351, 1534711711.116791, 1534711713.055134, 1534711716.3665211, 1534711716.991542, 1534711717.573847, 1534711717.958752, 1534711720.6147819, 1534711723.5834932, 1534711724.2147882, 1534711725.164475, 1534711726.779626, 1534711729.083377, 1534711731.618983, 1534711732.158117, 1534711734.79615, 1534711736.090848, 1534711737.484117, 1534711737.993031, 1534711740.743343, 1534711742.154739, 1534711743.9394171, 1534711744.507095, 1534711746.101711, 1534711746.756669, 1534711747.1084511, 1534711747.962413, 1534711749.720593, 1534711750.237001, 1534711751.689594, 1534711752.304822, 1534711753.16011, 1534711753.761537, 1534711754.481096, 1534711756.033226, 1534711756.374335, 1534711758.6364741, 1534711759.127831, 1534711759.693535, 1534711761.893039, 1534711762.242014, 1534711762.930329, 1534711763.433596, 1534711763.9887402, 1534711764.839366, 1534711766.195018, 1534711767.4933279, 1534711768.8175108, 1534711770.657611, 1534711771.16575, 1534711771.662783, 1534711773.08024, 1534711773.635713, 1534711773.970353, 1534711774.344106], "episode_lengths": [44, 207, 44, 45, 45, 29, 136, 107, 50, 257, 40, 200, 197, 230, 233, 45, 148, 120, 52, 29, 40, 29, 121, 61, 203, 144, 50, 45, 226, 129, 123, 59, 50, 44, 256, 104, 76, 41, 231, 51, 44, 48, 75, 44, 71, 43, 44, 123, 227, 45, 44, 30, 198, 213, 45, 70, 123, 180, 214, 45, 243, 121, 127, 45, 208, 105, 150, 45, 136, 55, 28, 73, 151, 43, 120, 51, 73, 50, 59, 136, 30, 212, 43, 50, 203, 30, 62, 44, 44, 72, 119, 120, 120, 168, 45, 44, 131, 50, 29, 33], "episode_rewards": [368.0, 1965.0, 365.0, 374.0, 368.0, 172.0, 1119.0, 974.0, 385.0, 1749.0, 366.0, 2054.0, 1742.0, 2089.0, 1866.0, 372.0, 1280.0, 1124.0, 389.0, 164.0, 365.0, 172.0, 1156.0, 484.0, 1789.0, 1283.0, 388.0, 368.0, 1887.0, 1116.0, 1123.0, 484.0, 388.0, 366.0, 1745.0, 965.0, 701.0, 364.0, 1762.0, 384.0, 373.0, 386.0, 681.0, 367.0, 666.0, 368.0, 366.0, 1215.0, 1772.0, 379.0, 374.0, 172.0, 1479.0, 2096.0, 372.0, 659.0, 1136.0, 1479.0, 2077.0, 363.0, 1785.0, 1131.0, 1112.0, 369.0, 1980.0, 967.0, 1288.0, 369.0, 1107.0, 394.0, 169.0, 691.0, 1286.0, 372.0, 1120.0, 385.0, 685.0, 388.0, 484.0, 1092.0, 171.0, 1759.0, 374.0, 388.0, 1741.0, 170.0, 482.0, 364.0, 368.0, 683.0, 1124.0, 1125.0, 1127.0, 1496.0, 370.0, 366.0, 1127.0, 396.0, 173.0, 161.0], "episode_types": ["t", "t", "t", "t", "t", "t", "t", "t", "t", "t", "t", "t", "t", "t", "t", "t", "t", "t", "t", "t", "t", "t", "t", "t", "t", "t", "t", "t", "t", "t", "t", "t", "t", "t", "t", "t", "t", "t", "t", "t", "t", "t", "t", "t", "t", "t", "t", "t", "t", "t", "t", "t", "t", "t", "t", "t", "t", "t", "t", "t", "t", "t", "t", "t", "t", "t", "t", "t", "t", "t", "t", "t", "t", "t", "t", "t", "t", "t", "t", "t", "t", "t", "t", "t", "t", "t", "t", "t", "t", "t", "t", "t", "t", "t", "t", "t", "t", "t", "t", "t"]}