{"initial_reset_timestamp": 1535028557.399189, "timestamps": [1535028558.363612, 1535028559.1309838, 1535028559.574539, 1535028559.854031, 1535028560.1316748, 1535028560.4104252, 1535028561.002188, 1535028561.2810152, 1535028561.638487, 1535028563.9669812, 1535028564.288079, 1535028564.59131, 1535028564.8977349, 1535028565.330605, 1535028565.644158, 1535028565.940614, 1535028566.2123961, 1535028566.512498, 1535028566.795805, 1535028567.097484, 1535028567.380634, 1535028567.666121, 1535028567.9499269, 1535028569.042644, 1535028569.609018, 1535028570.288911, 1535028572.722083, 1535028573.081714, 1535028573.38757, 1535028573.6612859, 1535028574.2755399, 1535028574.549945, 1535028574.825154, 1535028576.9879029, 1535028577.6537971, 1535028577.931651, 1535028578.2074409, 1535028578.478941, 1535028578.76276, 1535028579.040631, 1535028579.317726, 1535028579.7874181, 1535028580.363992, 1535028580.647257, 1535028580.923, 1535028581.20136, 1535028581.7833312, 1535028582.0761302, 1535028582.363775, 1535028582.649759, 1535028584.7734048, 1535028585.061033, 1535028585.47538, 1535028585.753186, 1535028586.031803, 1535028586.306109, 1535028586.58054, 1535028586.8545861, 1535028587.133296, 1535028587.708631, 1535028588.287893, 1535028588.564579, 1535028588.84082, 1535028589.1262422, 1535028589.723456, 1535028591.019913, 1535028591.454432, 1535028591.74587, 1535028592.029221, 1535028593.469904, 1535028593.7460501, 1535028595.1294148, 1535028595.402892, 1535028595.6799948, 1535028595.975111, 1535028596.311949, 1535028596.588444, 1535028596.8643048, 1535028597.173992, 1535028597.45178, 1535028597.727757, 1535028598.003973, 1535028598.281781, 1535028598.760161, 1535028599.041995, 1535028599.4738529, 1535028600.110495, 1535028600.382564, 1535028600.968429, 1535028601.245429, 1535028601.527414, 1535028602.0909948, 1535028602.36923, 1535028602.647274, 1535028602.9207208, 1535028603.198307, 1535028603.475331, 1535028603.750585, 1535028604.028415, 1535028604.305401], "episode_lengths": [60, 60, 41, 28, 28, 28, 59, 28, 28, 223, 29, 28, 28, 43, 28, 28, 28, 28, 28, 30, 28, 28, 28, 104, 56, 67, 238, 28, 28, 28, 60, 28, 28, 211, 64, 28, 28, 28, 28, 28, 28, 47, 57, 29, 28, 28, 56, 28, 28, 28, 208, 29, 41, 28, 28, 28, 28, 28, 28, 57, 57, 28, 28, 28, 48, 117, 40, 28, 28, 100, 28, 120, 28, 28, 29, 28, 28, 28, 30, 28, 28, 28, 28, 48, 28, 43, 63, 28, 58, 28, 28, 56, 28, 28, 28, 28, 28, 28, 28, 28], "episode_rewards": [485.0, 486.0, 366.0, 174.0, 174.0, 174.0, 483.0, 174.0, 174.0, 2108.0, 170.0, 167.0, 174.0, 371.0, 174.0, 174.0, 173.0, 174.0, 174.0, 170.0, 174.0, 174.0, 174.0, 976.0, 486.0, 672.0, 2142.0, 174.0, 167.0, 170.0, 482.0, 174.0, 174.0, 2120.0, 483.0, 174.0, 173.0, 166.0, 173.0, 174.0, 174.0, 387.0, 484.0, 170.0, 174.0, 174.0, 484.0, 174.0, 174.0, 174.0, 2106.0, 176.0, 370.0, 174.0, 174.0, 174.0, 174.0, 172.0, 174.0, 486.0, 489.0, 174.0, 171.0, 171.0, 387.0, 1133.0, 373.0, 171.0, 171.0, 970.0, 174.0, 1149.0, 174.0, 174.0, 170.0, 173.0, 174.0, 174.0, 170.0, 174.0, 174.0, 174.0, 173.0, 388.0, 174.0, 371.0, 481.0, 171.0, 484.0, 174.0, 174.0, 491.0, 174.0, 174.0, 169.0, 174.0, 174.0, 172.0, 174.0, 174.0], "episode_types": ["t", "t", "t", "t", "t", "t", "t", "t", "t", "t", "t", "t", "t", "t", "t", "t", "t", "t", "t", "t", "t", "t", "t", "t", "t", "t", "t", "t", "t", "t", "t", "t", "t", "t", "t", "t", "t", "t", "t", "t", "t", "t", "t", "t", "t", "t", "t", "t", "t", "t", "t", "t", "t", "t", "t", "t", "t", "t", "t", "t", "t", "t", "t", "t", "t", "t", "t", "t", "t", "t", "t", "t", "t", "t", "t", "t", "t", "t", "t", "t", "t", "t", "t", "t", "t", "t", "t", "t", "t", "t", "t", "t", "t", "t", "t", "t", "t", "t", "t", "t"]}