{"initial_reset_timestamp": 1547338140.1308491, "episode_types": ["t", "t", "t", "t", "t", "t", "t", "t", "t", "t", "t", "t", "t", "t", "t", "t", "t", "t", "t", "t", "t", "t", "t", "t", "t", "t", "t", "t", "t", "t", "t", "t", "t", "t", "t", "t", "t", "t", "t", "t", "t", "t", "t", "t", "t", "t", "t", "t", "t", "t", "t", "t", "t", "t", "t", "t", "t", "t", "t", "t", "t", "t", "t", "t", "t", "t", "t", "t", "t", "t", "t", "t", "t", "t", "t", "t", "t", "t", "t", "t", "t", "t", "t", "t", "t", "t", "t", "t", "t", "t", "t", "t", "t", "t", "t", "t", "t", "t", "t", "t"], "episode_lengths": [158, 38, 39, 34, 22, 25, 29, 28, 26, 30, 407, 185, 334, 37, 24, 36, 36, 29, 140, 21, 20, 28, 34, 34, 29, 163, 54, 31, 37, 33, 33, 25, 34, 24, 331, 50, 35, 424, 39, 32, 35, 25, 35, 34, 160, 41, 141, 21, 22, 45, 24, 23, 351, 26, 24, 36, 21, 44, 39, 32, 63, 25, 37, 24, 37, 32, 30, 32, 29, 45, 32, 48, 182, 30, 32, 35, 35, 26, 23, 29, 29, 35, 191, 30, 34, 30, 22, 241, 306, 29, 209, 20, 27, 31, 23, 35, 248, 22, 188, 27], "episode_rewards": [880.0, 65.0, 74.0, 70.0, 75.0, 57.0, 141.0, 72.0, 70.0, 137.0, 1804.0, 902.0, 829.0, 144.0, 78.0, 131.0, 135.0, 69.0, 884.0, 73.0, 73.0, 63.0, 135.0, 134.0, 75.0, 870.0, 133.0, 128.0, 134.0, 71.0, 133.0, 81.0, 134.0, 82.0, 1811.0, 131.0, 72.0, 1527.0, 67.0, 135.0, 68.0, 74.0, 72.0, 135.0, 560.0, 131.0, 847.0, 70.0, 69.0, 66.0, 73.0, 68.0, 1757.0, 75.0, 77.0, 123.0, 71.0, 63.0, 69.0, 130.0, 129.0, 75.0, 68.0, 73.0, 133.0, 76.0, 73.0, 70.0, 72.0, 136.0, 69.0, 128.0, 886.0, 136.0, 130.0, 135.0, 69.0, 135.0, 74.0, 71.0, 77.0, 133.0, 887.0, 67.0, 133.0, 73.0, 76.0, 854.0, 1545.0, 71.0, 864.0, 69.0, 137.0, 72.0, 65.0, 71.0, 847.0, 73.0, 863.0, 71.0], "timestamps": [1547338141.818446, 1547338142.1720316, 1547338142.4603662, 1547338142.689007, 1547338142.83748, 1547338143.00374, 1547338143.2001274, 1547338143.392379, 1547338143.643418, 1547338143.8826826, 1547338146.681912, 1547338147.9539936, 1547338150.2356532, 1547338150.488007, 1547338150.6483846, 1547338150.8914087, 1547338151.1334825, 1547338151.3270707, 1547338152.289427, 1547338152.4335713, 1547338152.5712523, 1547338152.7608464, 1547338152.9889228, 1547338153.2183352, 1547338153.4136453, 1547338154.5580935, 1547338154.9248724, 1547338155.1995642, 1547338155.4774365, 1547338155.7078888, 1547338155.9299467, 1547338156.0972135, 1547338156.325043, 1547338156.4870436, 1547338158.7695208, 1547338159.104943, 1547338159.3435676, 1547338162.2468295, 1547338162.5096767, 1547338162.7250423, 1547338162.9627068, 1547338163.1339505, 1547338163.3695884, 1547338163.598495, 1547338164.6836963, 1547338164.962604, 1547338165.9367259, 1547338166.0801394, 1547338166.23177, 1547338166.536769, 1547338166.6986797, 1547338166.8564596, 1547338169.266113, 1547338169.442334, 1547338169.606183, 1547338169.8550906, 1547338170.0008845, 1547338170.302032, 1547338170.5687416, 1547338170.7872963, 1547338171.2175539, 1547338171.3913102, 1547338171.6435885, 1547338171.8092368, 1547338172.1329048, 1547338172.3764257, 1547338172.5785112, 1547338172.794067, 1547338172.9888065, 1547338173.2918017, 1547338173.5097575, 1547338173.833556, 1547338175.0792167, 1547338175.2801716, 1547338175.4984114, 1547338175.733315, 1547338175.969007, 1547338176.1443584, 1547338176.3048692, 1547338176.5003378, 1547338176.699496, 1547338176.938306, 1547338178.2740867, 1547338178.482748, 1547338178.7202377, 1547338178.9286332, 1547338179.080223, 1547338180.7701004, 1547338182.9131196, 1547338183.1133611, 1547338184.5442028, 1547338184.6806562, 1547338184.863483, 1547338185.0731468, 1547338185.2286625, 1547338185.464676, 1547338187.1608577, 1547338187.311213, 1547338188.5973992, 1547338188.7761028]}