{"episode_lengths": [105, 100, 430, 70, 3326, 68, 59, 62, 58, 273, 80, 709, 92, 100, 105, 110, 362, 3930, 415, 328, 892, 56, 3964, 3944, 700, 62, 68, 135, 3998, 86, 3944, 1029, 653, 79, 332, 330, 3964, 80, 929, 493, 436, 306, 199, 86, 2212, 86, 67, 451, 204, 1256, 442, 321, 545, 497, 2065, 413, 254, 503, 678, 180, 571, 285, 623, 145, 246, 3944, 432, 331, 454, 4000, 2433, 125, 1220, 669, 430, 1013, 4000, 442, 606, 92, 1330, 744, 1273, 79, 381, 273, 130, 340, 316, 2184, 620, 246, 75, 363, 505, 525, 311, 596, 2698, 1603, 72, 2297, 80, 3891, 81, 535, 487, 100, 3930, 75, 89, 333, 65, 60, 519, 685, 110, 102, 457, 75, 545, 84, 1199, 97, 75, 91, 60, 826, 3944, 89, 392, 462, 4000, 91, 3964, 308, 119, 4007, 493, 278, 409, 103, 120, 98, 3713, 567, 656, 164, 625, 1621, 86, 83, 92, 344, 2896, 308, 100, 99, 103, 229, 2206, 308, 86, 397, 318, 321, 77, 900, 92, 94, 1497, 713, 87, 87, 103, 91, 813, 493, 585, 91, 380, 435, 312, 614, 78, 486, 280, 521, 117, 526, 2418, 85, 257, 94, 604, 65, 239, 335, 55, 245, 346, 1048, 196, 366, 423, 1379, 438, 385, 141, 884, 320, 71, 80, 324, 257, 317, 1124, 637, 594, 96, 104, 75, 379, 92, 594, 518, 781, 105, 366, 522, 2101, 1980, 864, 991, 507, 1441, 587, 1052, 314, 290, 88, 1387, 101, 454, 910, 82, 1387, 88, 358, 646, 363, 95, 85, 106, 98, 251, 620, 660, 747, 239, 3964, 265, 809, 943, 232, 245, 976, 556, 1111, 251, 75, 795, 330, 852, 855, 432, 546, 74, 948, 84, 323, 1263, 84, 206, 76, 86, 748, 912, 527, 82, 447, 1165, 198, 100, 354, 71, 579, 264, 679, 784, 66, 65, 4000, 295, 910, 98, 99, 438, 222, 371, 98, 271, 1358, 407, 836, 691, 3701, 291, 89, 104, 84, 105, 1052, 93, 92, 228, 90, 204, 65, 80, 201, 86, 464, 229, 229, 1950, 524, 123, 93, 572, 87, 537, 95, 878, 96, 97, 1130, 68, 246, 525, 356, 354, 135, 221, 69, 263, 279, 841, 115, 395, 837, 239, 338, 425, 92, 295, 238, 647, 75, 710, 581, 317, 460, 243, 273, 86, 880, 86, 69, 326, 77, 574, 364, 1032, 402, 88, 805, 934, 88, 85, 71, 883, 1143, 867, 563, 535, 97, 345, 1396, 267, 72, 725, 63, 497, 445, 93, 73, 87, 394, 237, 79, 62, 705, 521], "timestamps": [1524446038.241997, 1524446067.490498, 1524446143.483958, 1524446157.024697, 1524446656.3386, 1524446677.6962764, 1524446697.5744803, 1524446717.6829479, 1524446737.9573863, 1524446802.871762, 1524446829.4475708, 1524446983.3910863, 1524447010.1611614, 1524447040.3156044, 1524447072.3357735, 1524447102.686495, 1524447187.6878104, 1524447996.2476873, 1524448102.5038235, 1524448182.1768749, 1524448380.2006497, 1524448401.3229928, 1524449131.0166926, 1524449925.619887, 1524450081.039032, 1524450099.3989606, 1524450123.6564546, 1524450164.9999254, 1524450973.4316633, 1524450999.0792015, 1524451490.1909366, 1524451559.328149, 1524451618.7179222, 1524451631.0600471, 1524451688.4250433, 1524451744.750549, 1524451919.1139874, 1524451929.6373491, 1524451965.5250022, 1524451997.1453674, 1524452019.5566041, 1524452041.7207072, 1524452056.549847, 1524452066.6589575, 1524452157.2260487, 1524452171.9990253, 1524452181.2700264, 1524452205.4693036, 1524452220.008087, 1524452297.4830747, 1524452319.020294, 1524452351.7859015, 1524452389.5835915, 1524452416.0840898, 1524452491.5373623, 1524452522.402907, 1524452539.260116, 1524452580.929477, 1524452620.2324045, 1524452634.0213554, 1524452659.615935, 1524452682.4261544, 1524452709.1481285, 1524452720.5457554, 1524452742.0220232, 1524452889.4649541, 1524452911.1468644, 1524452934.407392, 1524452958.3617342, 1524453094.2952988, 1524453194.3622797, 1524453205.63457, 1524453255.121343, 1524453332.857036, 1524453407.4550683, 1524453554.2598608, 1524453712.4232376, 1524453735.3305912, 1524453765.4662185, 1524453776.5567389, 1524453841.2332509, 1524453884.5018075, 1524453947.2921333, 1524453958.1106331, 1524453982.0973475, 1524454003.9322846, 1524454018.2009838, 1524454041.6803794, 1524454060.9073048, 1524454154.431592, 1524454192.1785185, 1524454214.496228, 1524454224.1547415, 1524454245.7532136, 1524454273.1274498, 1524454306.1502917, 1524454324.7535045, 1524454350.4640584, 1524454458.0971038, 1524454534.686246, 1524454550.8654401, 1524454659.3558197, 1524454669.2906387, 1524454798.9438376, 1524454810.4147263, 1524454835.3464146, 1524454861.395866, 1524454878.093387, 1524455038.5729241, 1524455048.6139278, 1524455059.5793152, 1524455078.5012748, 1524455088.1435218, 1524455097.53789, 1524455126.0639334, 1524455156.516157, 1524455167.2447503, 1524455178.2918248, 1524455201.107171, 1524455210.9192755, 1524455244.2939396, 1524455255.0214894, 1524455304.5665517, 1524455315.2078931, 1524455325.5167487, 1524455336.4082599, 1524455345.6781008, 1524455391.5821936, 1524455577.6093824, 1524455587.5022957, 1524455623.6973631, 1524455647.377463, 1524455798.2508926, 1524455809.1560469, 1524455956.5140567, 1524455975.3682892, 1524455993.9238145, 1524456141.6140444, 1524456173.875189, 1524456192.1061308, 1524456219.3958833, 1524456230.4682295, 1524456247.4658418, 1524456258.03444, 1524456399.5307684, 1524456434.2504933, 1524456464.9634993, 1524456477.6672792, 1524456511.0321522, 1524456573.7453585, 1524456584.9625137, 1524456595.0263696, 1524456605.2194757, 1524456630.7890086, 1524456735.9660358, 1524456754.6165788, 1524456768.488801, 1524456779.1950657, 1524456789.875437, 1524456806.1623032, 1524456913.7991922, 1524456931.0501506, 1524456941.0984185, 1524456971.0132473, 1524456989.6721613, 1524457008.9024088, 1524457019.1514013, 1524457072.3059065, 1524457082.4513617, 1524457092.7236192, 1524457154.8238893, 1524457188.5625231, 1524457198.774833, 1524457209.1572325, 1524457219.5016384, 1524457230.102203, 1524457267.1839628, 1524457302.2965698, 1524457329.0986335, 1524457339.370176, 1524457366.5582988, 1524457388.3265321, 1524457406.9175563, 1524457442.3616157, 1524457452.2543762, 1524457490.2982614, 1524457508.1653674, 1524457534.1068563, 1524457550.021359, 1524457577.6306067, 1524457670.9053562, 1524457682.748287, 1524457699.9686859, 1524457715.5785136, 1524457751.8449903, 1524457762.359735, 1524457784.4208157, 1524457808.8172352, 1524457818.1935945, 1524457833.9056046, 1524457854.8253095, 1524457898.7153385, 1524457916.0080402, 1524457936.2053094, 1524457962.4664094, 1524458024.6819074, 1524458047.8527663, 1524458074.4943624, 1524458093.2283316, 1524458127.767512, 1524458152.5644655, 1524458161.9007206, 1524458177.5949197, 1524458196.6317825, 1524458213.4090207, 1524458231.1907322, 1524458276.6533642, 1524458311.1781232, 1524458442.9510348, 1524458474.4276826, 1524458505.1037383, 1524458529.621837, 1524458621.4363317, 1524458648.1429973, 1524458743.1951368, 1524458825.107742, 1524458925.6162493, 1524458946.359904, 1524459007.3184927, 1524459119.2791069, 1524459246.3832126, 1524459338.070152, 1524459379.5016525, 1524459425.0525136, 1524459449.5542302, 1524459515.3574412, 1524459559.8962195, 1524459598.534581, 1524459622.231576, 1524459640.75726, 1524459651.0641856, 1524459713.1700363, 1524459724.00736, 1524459747.7916558, 1524459789.7773802, 1524459799.7428048, 1524459858.9331117, 1524459868.8803916, 1524459894.3462508, 1524459922.1286662, 1524459946.965152, 1524459957.644194, 1524459967.3762734, 1524459979.7250917, 1524459990.3965673, 1524460006.985461, 1524460047.0423098, 1524460077.913236, 1524460119.1805663, 1524460135.4163077, 1524460279.589376, 1524460298.313573, 1524460333.8140907, 1524460380.2070951, 1524460395.8689046, 1524460420.831622, 1524460470.7569609, 1524460501.9040484, 1524460542.7000868, 1524460565.3735108, 1524460578.5294845, 1524460621.752572, 1524460639.864069, 1524460680.4550812, 1524460715.2561138, 1524460743.69157, 1524460769.7734313, 1524460779.3145366, 1524460822.39663, 1524460832.369359, 1524460850.9373848, 1524460899.1872551, 1524460909.1216664, 1524460928.3025134, 1524460938.3051264, 1524460948.514429, 1524460988.19452, 1524461027.5179572, 1524461062.4597208, 1524461072.8942595, 1524461094.721722, 1524461148.8301337, 1524461167.2676752, 1524461177.5254414, 1524461204.2793589, 1524461220.089551, 1524461246.8810282, 1524461263.8608508, 1524461301.7826138, 1524461334.8012123, 1524461348.8813622, 