{"initial_reset_timestamp": 1522855891.113338, "timestamps": [1522855920.694176, 1522855958.415093, 1522855992.8068612, 1522856033.943327, 1522856066.224083, 1522856088.3559308, 1522856117.316115, 1522856147.781088, 1522856179.108792, 1522856210.8146791, 1522856247.553136, 1522856276.701117, 1522856313.300843, 1522856342.983685, 1522856375.808842, 1522856418.7390091, 1522856447.395063, 1522856480.621763, 1522856509.956715, 1522856538.163998, 1522856567.5692449, 1522856604.7158551, 1522856634.818507, 1522856668.826991, 1522856703.514394, 1522856737.3978162, 1522856778.001835, 1522856810.785741, 1522856842.536733, 1522856877.800276], "episode_lengths": [1723, 2263, 2056, 2476, 1948, 1968, 1734, 1824, 1883, 1869, 2201, 1759, 2201, 1786, 1964, 2571, 1712, 2005, 1771, 1711, 1781, 2218, 1797, 2058, 2079, 2034, 2434, 1968, 1903, 2114], "episode_rewards": [20.0, 17.0, 18.0, 17.0, 20.0, 18.0, 20.0, 20.0, 19.0, 19.0, 19.0, 20.0, 19.0, 20.0, 18.0, 16.0, 20.0, 20.0, 20.0, 20.0, 21.0, 15.0, 21.0, 18.0, 16.0, 19.0, 16.0, 19.0, 20.0, 20.0], "episode_types": ["t", "t", "t", "t", "t", "t", "t", "t", "t", "t", "t", "t", "t", "t", "t", "t", "t", "t", "t", "t", "t", "t", "t", "t", "t", "t", "t", "t", "t", "t"]}