{"initial_reset_timestamp": 1524950998.462137, "timestamps": [1524951013.470161, 1524951034.6042671, 1524951048.2402098, 1524951074.756493, 1524951115.154559, 1524951136.058132, 1524951167.823767, 1524951182.972974, 1524951204.407083, 1524951227.841551, 1524951258.877652, 1524951271.627646, 1524951290.52756, 1524951314.9098969, 1524951334.112117, 1524951355.3619359, 1524951383.22041, 1524951409.76577, 1524951434.3964841, 1524951451.576545, 1524951474.359367, 1524951502.2081761, 1524951509.4537332, 1524951523.694984, 1524951539.8606, 1524951560.609937, 1524951598.6776152, 1524951633.660912, 1524951649.598412, 1524951667.428997, 1524951683.728696, 1524951706.1306481, 1524951725.528073, 1524951752.656666, 1524951774.198551, 1524951793.325485, 1524951813.888345, 1524951832.144969, 1524951849.699339, 1524951871.149206, 1524951956.837337, 1524951977.1610649, 1524951992.239899, 1524952011.499248, 1524952098.440546, 1524952120.697706, 1524952140.038529, 1524952159.450439, 1524952180.244179, 1524952195.38304, 1524952213.630189, 1524952231.995541, 1524952253.016969, 1524952278.188691, 1524952291.1566741, 1524952308.722774, 1524952319.347622, 1524952338.774875, 1524952350.677247, 1524952361.101136, 1524952382.772139, 1524952393.783305, 1524952404.3637052, 1524952427.02176, 1524952442.097574, 1524952451.129536, 1524952461.5655758, 1524952472.738136, 1524952482.5328581, 1524952493.979197, 1524952517.2688892, 1524952533.663039, 1524952548.042304, 1524952646.1037362, 1524952670.7568371, 1524952693.216338, 1524952704.677353, 1524952722.759742, 1524952741.819989, 1524952755.066978, 1524952766.11854, 1524952783.811172, 1524952798.094302, 1524952820.310136, 1524952837.0341089, 1524952846.496655, 1524952856.423223, 1524952864.176967, 1524952887.455891, 1524952898.993045, 1524952920.73543, 1524952952.121972, 1524952970.449916, 1524952990.419436, 1524953008.826922, 1524953019.199175, 1524953033.776711, 1524953043.329477, 1524953058.5801332, 1524953080.932756], "episode_lengths": [257, 409, 261, 517, 778, 407, 620, 292, 416, 455, 601, 244, 366, 472, 369, 367, 503, 517, 479, 326, 444, 543, 135, 273, 311, 401, 747, 677, 299, 345, 314, 407, 346, 496, 386, 365, 444, 448, 451, 571, 2346, 543, 396, 514, 2278, 555, 482, 484, 522, 381, 451, 458, 523, 623, 331, 461, 280, 520, 318, 277, 579, 289, 279, 602, 396, 239, 277, 298, 259, 305, 622, 437, 379, 2688, 655, 603, 304, 481, 509, 353, 291, 436, 379, 564, 450, 253, 265, 207, 570, 283, 580, 836, 470, 514, 473, 281, 400, 259, 393, 547], "episode_rewards": [236.0, 385.0, 243.0, 348.0, 284.0, 360.0, 554.0, 270.0, 399.0, 353.0, 396.0, 189.0, 295.0, 386.0, 234.0, 309.0, 341.0, 465.0, 408.0, 225.0, 388.0, 373.0, 123.0, 254.0, 255.0, 358.0, 592.0, 530.0, 216.0, 317.0, 242.0, 317.0, 309.0, 339.0, 217.0, 336.0, 234.0, 282.0, 333.0, 412.0, 141.0, 406.0, 271.0, 361.0, 43.0, 351.0, 398.0, 326.0, 373.0, 343.0, 395.0, 412.0, 373.0, 540.0, 268.0, 395.0, 244.0, 401.0, 292.0, 255.0, 394.0, 252.0, 250.0, 465.0, 211.0, 226.0, 250.0, 228.0, 238.0, 258.0, 556.0, 377.0, 333.0, 114.0, 449.0, 317.0, 275.0, 392.0, 440.0, 250.0, 255.0, 387.0, 248.0, 458.0, 355.0, 236.0, 250.0, 188.0, 347.0, 238.0, 451.0, 551.0, 277.0, 457.0, 352.0, 265.0, 385.0, 240.0, 353.0, 460.0], "episode_types": ["t", "t", "t", "t", "t", "t", "t", "t", "t", "t", "t", "t", "t", "t", "t", "t", "t", "t", "t", "t", "t", "t", "t", "t", "t", "t", "t", "t", "t", "t", "t", "t", "t", "t", "t", "t", "t", "t", "t", "t", "t", "t", "t", "t", "t", "t", "t", "t", "t", "t", "t", "t", "t", "t", "t", "t", "t", "t", "t", "t", "t", "t", "t", "t", "t", "t", "t", "t", "t", "t", "t", "t", "t", "t", "t", "t", "t", "t", "t", "t", "t", "t", "t", "t", "t", "t", "t", "t", "t", "t", "t", "t", "t", "t", "t", "t", "t", "t", "t", "t"]}