{"initial_reset_timestamp": 1524992262.8129349, "timestamps": [1524992284.956969, 1524992312.722826, 1524992333.9680262, 1524992353.893854, 1524992379.105529, 1524992393.09418, 1524992415.879292, 1524992432.12463, 1524992472.612044, 1524992497.771509, 1524992512.418468, 1524992528.487977, 1524992543.45886, 1524992562.126671, 1524992584.21866, 1524992595.3549771, 1524992619.0796852, 1524992638.1144161, 1524992652.054691, 1524992673.483535, 1524992688.147833, 1524992698.341208, 1524992712.5786781, 1524992728.930399, 1524992741.930054, 1524992765.897221, 1524992779.646516, 1524992794.298539, 1524992809.581198, 1524992820.294782, 1524992837.3022652, 1524992858.934399, 1524992880.167867, 1524992892.940906, 1524992910.540884, 1524992936.3301718, 1524992950.700747, 1524992974.363245, 1524992987.299825, 1524993000.561665, 1524993025.913035, 1524993114.126687, 1524993122.9494, 1524993140.930594, 1524993154.659862, 1524993167.856263, 1524993187.6717792, 1524993206.9805949, 1524993224.450541, 1524993239.7708008, 1524993255.401918, 1524993268.997814, 1524993282.443029, 1524993300.043793, 1524993314.6251671, 1524993325.866681, 1524993336.9525619, 1524993346.945847, 1524993362.192139, 1524993376.070883, 1524993386.4171789, 1524993395.6883452, 1524993411.9786491, 1524993428.221608, 1524993443.115849, 1524993452.642453, 1524993470.193376, 1524993481.092118, 1524993498.800412, 1524993514.976722, 1524993530.6956851, 1524993545.692561, 1524993561.781715, 1524993574.028734, 1524993588.719319, 1524993597.512845, 1524993621.962749, 1524993639.9076312, 1524993658.4418612, 1524993667.8716831, 1524993676.84902, 1524993701.031866, 1524993714.70118, 1524993726.990423, 1524993736.777281, 1524993750.537025, 1524993762.008943, 1524993780.469283, 1524993796.6434538, 1524993809.3981571, 1524993834.039757, 1524993844.584524, 1524993867.206845, 1524993882.3202329, 1524993898.068032, 1524993910.768467, 1524993935.685698, 1524993964.252488, 1524993988.4022028, 1524994002.6372118], "episode_lengths": [398, 538, 383, 359, 464, 256, 413, 306, 780, 480, 280, 308, 284, 358, 424, 210, 458, 365, 264, 414, 277, 193, 272, 313, 247, 461, 259, 277, 289, 201, 322, 404, 409, 241, 336, 497, 275, 454, 244, 252, 483, 2276, 234, 477, 368, 355, 503, 486, 469, 412, 413, 364, 356, 466, 386, 298, 293, 264, 407, 365, 274, 248, 432, 435, 387, 253, 469, 292, 471, 431, 419, 402, 424, 325, 366, 232, 653, 471, 481, 249, 241, 622, 361, 326, 260, 363, 301, 495, 428, 337, 476, 186, 426, 287, 301, 241, 485, 557, 467, 271], "episode_rewards": [346.0, 429.0, 362.0, 329.0, 349.0, 241.0, 278.0, 282.0, 389.0, 357.0, 263.0, 293.0, 246.0, 334.0, 377.0, 176.0, 390.0, 316.0, 250.0, 360.0, 237.0, 181.0, 249.0, 248.0, 226.0, 294.0, 246.0, 248.0, 261.0, 180.0, 269.0, 278.0, 318.0, 167.0, 321.0, 408.0, 203.0, 362.0, 224.0, 242.0, 440.0, -30.0, 190.0, 455.0, 329.0, 296.0, 475.0, 397.0, 388.0, 330.0, 280.0, 310.0, 292.0, 362.0, 351.0, 249.0, 266.0, 247.0, 300.0, 216.0, 258.0, 236.0, 376.0, 405.0, 333.0, 232.0, 236.0, 265.0, 389.0, 345.0, 408.0, 279.0, 394.0, 297.0, 313.0, 219.0, 467.0, 397.0, 399.0, 234.0, 223.0, 512.0, 228.0, 301.0, 236.0, 351.0, 279.0, 401.0, 320.0, 298.0, 331.0, 176.0, 308.0, 225.0, 286.0, 229.0, 351.0, 367.0, 418.0, 250.0], "episode_types": ["t", "t", "t", "t", "t", "t", "t", "t", "t", "t", "t", "t", "t", "t", "t", "t", "t", "t", "t", "t", "t", "t", "t", "t", "t", "t", "t", "t", "t", "t", "t", "t", "t", "t", "t", "t", "t", "t", "t", "t", "t", "t", "t", "t", "t", "t", "t", "t", "t", "t", "t", "t", "t", "t", "t", "t", "t", "t", "t", "t", "t", "t", "t", "t", "t", "t", "t", "t", "t", "t", "t", "t", "t", "t", "t", "t", "t", "t", "t", "t", "t", "t", "t", "t", "t", "t", "t", "t", "t", "t", "t", "t", "t", "t", "t", "t", "t", "t", "t", "t"]}