{"initial_reset_timestamp": 1523314232.356456, "timestamps": [1523314233.603727, 1523314235.1834922, 1523314236.148963, 1523314237.355218, 1523314238.222462, 1523314239.14972, 1523314240.377749, 1523314241.66308, 1523314243.40144, 1523314244.480609, 1523314245.939323, 1523314247.9916081, 1523314249.692343, 1523314250.8712971, 1523314252.456226, 1523314254.254091, 1523314256.2935889, 1523314258.208991, 1523314260.099505, 1523314261.906282, 1523314263.8133812, 1523314265.856373, 1523314267.7293272, 1523314269.332756, 1523314270.734775, 1523314272.406912, 1523314274.50543, 1523314277.3678489, 1523314278.8888261, 1523314280.354317, 1523314282.238245, 1523314283.984019, 1523314285.859262, 1523314287.8376682, 1523314289.501029, 1523314291.4709241, 1523314293.213542, 1523314294.762464, 1523314296.765763, 1523314298.4132988, 1523314300.229047, 1523314301.272935, 1523314302.336211, 1523314303.538943, 1523314304.3889642, 1523314305.524134, 1523314306.617105, 1523314307.63357, 1523314309.257605, 1523314310.0967412, 1523314310.990842, 1523314312.147321, 1523314313.1715488, 1523314314.0504189, 1523314314.810157, 1523314315.727823, 1523314316.7872279, 1523314317.503295, 1523314318.233212, 1523314319.132738, 1523314320.343654, 1523314321.501673, 1523314322.555199, 1523314323.7070348, 1523314325.261823, 1523314326.024974, 1523314326.992597, 1523314327.887578, 1523314329.008995, 1523314329.733991, 1523314330.5233998, 1523314331.1798651, 1523314331.739309, 1523314332.3050199, 1523314333.145031, 1523314333.79523, 1523314334.320401, 1523314334.764214, 1523314335.217889, 1523314335.747067, 1523314336.327679, 1523314336.9568682, 1523314337.613356, 1523314338.240074, 1523314338.8129249, 1523314339.466764, 1523314340.056418, 1523314340.604039, 1523314341.0636868, 1523314341.57652, 1523314341.988566, 1523314342.580365, 1523314343.117972, 1523314343.570443, 1523314344.044898, 1523314344.6509922, 1523314345.125052, 1523314345.606831, 1523314346.145213, 1523314346.990823], "episode_lengths": [911, 929, 908, 994, 932, 870, 843, 944, 842, 915, 903, 1114, 1091, 764, 880, 842, 1022, 899, 912, 852, 926, 900, 792, 845, 764, 880, 916, 1076, 764, 826, 952, 884, 979, 979, 872, 1014, 826, 822, 1058, 878, 1040, 974, 1035, 1103, 914, 842, 950, 886, 991, 886, 871, 916, 937, 931, 820, 946, 1148, 764, 792, 964, 1088, 1007, 845, 911, 914, 764, 870, 944, 1006, 824, 884, 824, 810, 824, 1272, 1215, 885, 824, 838, 968, 944, 889, 958, 985, 903, 962, 902, 841, 764, 872, 764, 1007, 950, 832, 887, 1069, 871, 886, 994, 1450], "episode_rewards": [-21.0, -20.0, -21.0, -21.0, -20.0, -20.0, -21.0, -21.0, -20.0, -21.0, -21.0, -18.0, -18.0, -21.0, -21.0, -20.0, -21.0, -20.0, -21.0, -21.0, -20.0, -20.0, -21.0, -21.0, -21.0, -21.0, -20.0, -18.0, -21.0, -21.0, -20.0, -21.0, -20.0, -20.0, -21.0, -19.0, -21.0, -21.0, -19.0, -20.0, -20.0, -21.0, -20.0, -20.0, -21.0, -20.0, -20.0, -21.0, -21.0, -21.0, -21.0, -20.0, -19.0, -20.0, -21.0, -21.0, -17.0, -21.0, -21.0, -21.0, -19.0, -20.0, -21.0, -21.0, -21.0, -21.0, -21.0, -21.0, -21.0, -21.0, -21.0, -21.0, -21.0, -21.0, -18.0, -17.0, -20.0, -21.0, -21.0, -19.0, -21.0, -20.0, -20.0, -19.0, -20.0, -19.0, -20.0, -21.0, -21.0, -21.0, -21.0, -20.0, -21.0, -21.0, -21.0, -20.0, -21.0, -21.0, -19.0, -17.0], "episode_types": ["t", "t", "t", "t", "t", "t", "t", "t", "t", "t", "t", "t", "t", "t", "t", "t", "t", "t", "t", "t", "t", "t", "t", "t", "t", "t", "t", "t", "t", "t", "t", "t", "t", "t", "t", "t", "t", "t", "t", "t", "t", "t", "t", "t", "t", "t", "t", "t", "t", "t", "t", "t", "t", "t", "t", "t", "t", "t", "t", "t", "t", "t", "t", "t", "t", "t", "t", "t", "t", "t", "t", "t", "t", "t", "t", "t", "t", "t", "t", "t", "t", "t", "t", "t", "t", "t", "t", "t", "t", "t", "t", "t", "t", "t", "t", "t", "t", "t", "t", "t"]}