{"episode_rewards": [-21.0, -20.0, -21.0, -21.0, -20.0, -20.0, -21.0, -21.0, -20.0, -21.0, -21.0, -18.0, -18.0, -21.0, -21.0, -20.0, -21.0, -20.0, -21.0, -21.0, -20.0, -20.0, -21.0, -21.0, -21.0, -21.0, -20.0, -18.0, -21.0, -21.0], "episode_types": ["t", "t", "t", "t", "t", "t", "t", "t", "t", "t", "t", "t", "t", "t", "t", "t", "t", "t", "t", "t", "t", "t", "t", "t", "t", "t", "t", "t", "t", "t"], "episode_lengths": [911, 929, 908, 994, 932, 870, 843, 944, 842, 915, 903, 1114, 1091, 764, 880, 842, 1022, 899, 912, 852, 926, 900, 792, 845, 764, 880, 916, 1076, 764, 826], "initial_reset_timestamp": 1523136081.324052, "timestamps": [1523136083.353778, 1523136085.0055234, 1523136086.1744196, 1523136087.4023457, 1523136088.5643394, 1523136089.6368465, 1523136090.6704388, 1523136091.7900264, 1523136093.1460757, 1523136094.3019485, 1523136095.3263047, 1523136096.6209118, 1523136097.8515851, 1523136098.7164464, 1523136099.721389, 1523136100.6789227, 1523136101.8409457, 1523136102.9367075, 1523136103.9724944, 1523136104.9416747, 1523136106.0598588, 1523136107.1564562, 1523136108.124244, 1523136109.0803804, 1523136109.950062, 1523136110.9482496, 1523136111.9944339, 1523136113.773414, 1523136114.7244315, 1523136115.7390702]}