{"episode_lengths": [911, 929, 908, 994, 932, 870, 843, 944, 842, 915, 903, 1114, 1091, 764, 880, 842, 1022, 899, 912, 852, 926, 900, 792, 845, 764, 880, 916, 1076, 764, 826, 952, 884, 979, 979, 872, 1014, 826, 822, 1058, 878, 1040, 974, 1035, 1103, 914, 842, 950, 886, 991, 886, 871, 916, 937, 931, 820, 946, 1148, 764, 792, 964, 1088, 1007, 845, 911, 914, 764, 870, 944, 1006, 824, 884, 824, 810, 824, 1272, 1215, 885, 824, 838, 968, 944, 889, 958, 985, 903, 962, 902, 841, 764, 872, 764, 1007, 950, 832, 887, 1069, 871, 886, 994, 1450], "timestamps": [1523204722.9493282, 1523204724.356478, 1523204725.3544505, 1523204726.472208, 1523204727.5786004, 1523204728.571046, 1523204729.481371, 1523204730.5355868, 1523204731.8540258, 1523204732.840853, 1523204733.8018167, 1523204735.022533, 1523204736.2081869, 1523204737.0190303, 1523204737.9505472, 1523204738.8365827, 1523204739.91707, 1523204740.8805122, 1523204741.8665857, 1523204742.788326, 1523204743.7949154, 1523204744.778109, 1523204745.6404066, 1523204746.611421, 1523204747.4451473, 1523204748.3947835, 1523204749.3934686, 1523204750.930529, 1523204751.9124434, 1523204752.8631325, 1523204753.8963437, 1523204754.8629766, 1523204755.921346, 1523204756.9800189, 1523204757.9232497, 1523204759.0210094, 1523204759.9147813, 1523204760.8061507, 1523204761.950256, 1523204762.9004395, 1523204764.0078871, 1523204765.0642197, 1523204766.2395673, 1523204767.5184383, 1523204768.4895372, 1523204769.3867953, 1523204770.4288003, 1523204771.4953918, 1523204772.5737417, 1523204773.5152922, 1523204774.4361055, 1523204775.4062438, 1523204776.3979228, 1523204777.3929105, 1523204778.2748096, 1523204779.2816758, 1523204780.499447, 1523204781.3098516, 1523204782.173614, 1523204783.2149334, 1523204784.3672206, 1523204785.4337769, 1523204786.3298337, 1523204787.3015637, 1523204788.5253992, 1523204789.3446977, 1523204790.3020656, 1523204791.307665, 1523204792.386791, 1523204793.2773693, 1523204794.2161922, 1523204795.0969782, 1523204795.9749613, 1523204796.8902988, 1523204798.2402475, 1523204799.5335448, 1523204800.4694285, 1523204801.3590758, 1523204802.2480316, 1523204803.2790272, 1523204804.2828395, 1523204805.2264674, 1523204806.279793, 1523204807.3639429, 1523204808.347473, 1523204809.373057, 1523204810.3525574, 1523204811.2524614, 1523204812.074719, 1523204813.004943, 1523204813.8243792, 1523204814.9017851, 1523204815.9559703, 1523204816.8485239, 1523204817.7959921, 1523204818.9363883, 1523204819.9068189, 1523204820.8564386, 1523204821.9210978, 1523204823.484295], "episode_rewards": [-21.0, -20.0, -21.0, -21.0, -20.0, -20.0, -21.0, -21.0, -20.0, -21.0, -21.0, -18.0, -18.0, -21.0, -21.0, -20.0, -21.0, -20.0, -21.0, -21.0, -20.0, -20.0, -21.0, -21.0, -21.0, -21.0, -20.0, -18.0, -21.0, -21.0, -20.0, -21.0, -20.0, -20.0, -21.0, -19.0, -21.0, -21.0, -19.0, -20.0, -20.0, -21.0, -20.0, -20.0, -21.0, -20.0, -20.0, -21.0, -21.0, -21.0, -21.0, -20.0, -19.0, -20.0, -21.0, -21.0, -17.0, -21.0, -21.0, -21.0, -19.0, -20.0, -21.0, -21.0, -21.0, -21.0, -21.0, -21.0, -21.0, -21.0, -21.0, -21.0, -21.0, -21.0, -18.0, -17.0, -20.0, -21.0, -21.0, -19.0, -21.0, -20.0, -20.0, -19.0, -20.0, -19.0, -20.0, -21.0, -21.0, -21.0, -21.0, -20.0, -21.0, -21.0, -21.0, -20.0, -21.0, -21.0, -19.0, -17.0], "episode_types": ["t", "t", "t", "t", "t", "t", "t", "t", "t", "t", "t", "t", "t", "t", "t", "t", "t", "t", "t", "t", "t", "t", "t", "t", "t", "t", "t", "t", "t", "t", "t", "t", "t", "t", "t", "t", "t", "t", "t", "t", "t", "t", "t", "t", "t", "t", "t", "t", "t", "t", "t", "t", "t", "t", "t", "t", "t", "t", "t", "t", "t", "t", "t", "t", "t", "t", "t", "t", "t", "t", "t", "t", "t", "t", "t", "t", "t", "t", "t", "t", "t", "t", "t", "t", "t", "t", "t", "t", "t", "t", "t", "t", "t", "t", "t", "t", "t", "t", "t", "t"], "initial_reset_timestamp": 1523204721.1752012}