{"initial_reset_timestamp": 1523818495.1057463, "episode_types": ["t", "t", "t", "t", "t", "t", "t", "t", "t", "t", "t", "t", "t", "t", "t", "t", "t", "t", "t", "t", "t", "t", "t", "t", "t", "t", "t", "t", "t", "t", "t", "t", "t", "t", "t", "t", "t", "t", "t", "t", "t", "t", "t", "t", "t", "t", "t", "t", "t", "t", "t", "t", "t", "t", "t", "t", "t", "t", "t", "t", "t", "t", "t", "t", "t", "t", "t", "t", "t", "t", "t", "t", "t", "t", "t", "t", "t", "t", "t", "t", "t", "t", "t", "t", "t", "t", "t", "t", "t", "t", "t", "t", "t", "t", "t", "t", "t", "t", "t", "t"], "timestamps": [1523818506.5649903, 1523818517.2397652, 1523818528.4377935, 1523818538.3031707, 1523818551.155289, 1523818562.3980966, 1523818574.085545, 1523818583.9338493, 1523818595.016482, 1523818608.234976, 1523818622.0376954, 1523818634.2913458, 1523818647.7109218, 1523818658.4676154, 1523818669.7271578, 1523818680.5786138, 1523818691.955989, 1523818707.0641155, 1523818716.8865106, 1523818727.6957436, 1523818738.6214616, 1523818748.6195843, 1523818758.4790614, 1523818769.510589, 1523818780.8117642, 1523818794.0964744, 1523818806.2110941, 1523818816.918535, 1523818829.7534971, 1523818839.9077075, 1523818852.1101012, 1523818863.374448, 1523818875.1140738, 1523818886.0354016, 1523818898.2229235, 1523818911.0542417, 1523818922.1278968, 1523818933.8358254, 1523818945.504208, 1523818959.0988033, 1523818969.3099437, 1523818981.4336584, 1523818991.4501812, 1523819003.2159393, 1523819013.1803164, 1523819025.858461, 1523819038.2034605, 1523819048.416541, 1523819059.8677497, 1523819069.962792, 1523819082.766338, 1523819095.1019049, 1523819105.8676062, 1523819116.0000892, 1523819129.4326797, 1523819139.177046, 1523819149.6827579, 1523819160.6069357, 1523819170.646553, 1523819183.0112698, 1523819194.389216, 1523819204.9730988, 1523819219.406937, 1523819230.719394, 1523819242.5615952, 1523819254.5900836, 1523819267.3750436, 1523819277.7817287, 1523819290.0037975, 1523819302.962734, 1523819313.6368184, 1523819325.0806603, 1523819336.0164697, 1523819346.447662, 1523819357.5574121, 1523819367.7136362, 1523819380.2714982, 1523819392.7160587, 1523819402.642608, 1523819413.9675024, 1523819426.1739159, 1523819440.494427, 1523819451.0289686, 1523819462.342986, 1523819474.2542524, 1523819485.150101, 1523819495.8757093, 1523819506.1967883, 1523819519.0801349, 1523819529.4301333, 1523819542.0653887, 1523819553.5029738, 1523819565.2745783, 1523819578.959818, 1523819590.7461512, 1523819602.8723714, 1523819614.6114821, 1523819627.0758986, 1523819638.126064, 1523819649.6838756], "episode_rewards": [330.0, 296.0, 365.0, 380.0, 365.0, 307.0, 288.0, 303.0, 299.0, 281.0, 380.0, 312.0, 271.0, 299.0, 370.0, 324.0, 287.0, 327.0, 331.0, 342.0, 345.0, 291.0, 337.0, 351.0, 338.0, 368.0, 363.0, 288.0, 331.0, 311.0, 395.0, 319.0, 366.0, 340.0, 318.0, 368.0, 290.0, 337.0, 322.0, 352.0, 341.0, 315.0, 295.0, 287.0, 328.0, 338.0, 352.0, 300.0, 261.0, 314.0, 364.0, 319.0, 319.0, 334.0, 327.0, 306.0, 341.0, 311.0, 450.0, 326.0, 336.0, 323.0, 344.0, 311.0, 349.0, 354.0, 348.0, 294.0, 339.0, 275.0, 332.0, 274.0, 264.0, 332.0, 342.0, 347.0, 351.0, 338.0, 325.0, 291.0, 317.0, 349.0, 321.0, 297.0, 314.0, 321.0, 328.0, 376.0, 302.0, 332.0, 300.0, 325.0, 359.0, 315.0, 345.0, 328.0, 339.0, 345.0, 300.0, 291.0], "episode_lengths": [4497, 4491, 4494, 4496, 4492, 4495, 4491, 4492, 4492, 4497, 4493, 4492, 4494, 4497, 4496, 4491, 4498, 4493, 4496, 4498, 4492, 4496, 4492, 4492, 4495, 4496, 4496, 4495, 4494, 4492, 4495, 4494, 4491, 4492, 4495, 4494, 4498, 4494, 4493, 4496, 4491, 4492, 4498, 4498, 4491, 4495, 4498, 4497, 4493, 4491, 4496, 4496, 4495, 4496, 4492, 4495, 4497, 4493, 4496, 4492, 4495, 4492, 4497, 4495, 4496, 4495, 4496, 4492, 4493, 4496, 4496, 4498, 4491, 4492, 4492, 4492, 4494, 4493, 4492, 4491, 4497, 4494, 4494, 4496, 4496, 4492, 4498, 4493, 4496, 4496, 4495, 4497, 4494, 4491, 4492, 4492, 4496, 4495, 4497, 4496]}