{"initial_reset_timestamp": 1524370424.882368, "timestamps": [1524370448.261771, 1524370460.555121, 1524370469.626556, 1524370479.613029, 1524370495.5956511, 1524370506.2475572, 1524370534.961937, 1524370545.150571, 1524370557.0403042, 1524370571.351976, 1524370591.219958, 1524370600.2775738, 1524370608.431905, 1524370635.836682, 1524370643.621676, 1524370660.430464, 1524370685.772301, 1524370693.82705, 1524370710.225058, 1524370728.075847, 1524370746.8302531, 1524370764.387903, 1524370783.943775, 1524370792.261699, 1524370814.290278, 1524370823.755429, 1524370841.595188, 1524370861.679023, 1524370884.324058, 1524370904.453612, 1524370927.640311, 1524370942.456724, 1524370964.164968, 1524370981.279804, 1524370991.608355, 1524371004.606155, 1524371022.764089, 1524371040.284988, 1524371052.070126, 1524371062.873292, 1524371079.847636, 1524371094.408166, 1524371120.2754471, 1524371133.041729, 1524371142.2287202, 1524371150.650243, 1524371161.012249, 1524371179.26399, 1524371197.216065, 1524371218.917282, 1524371228.4102988, 1524371238.233442, 1524371260.999709, 1524371283.851281, 1524371304.321988, 1524371313.423529, 1524371338.1142778, 1524371367.886745, 1524371390.0986838, 1524371406.8289568, 1524371431.6405, 1524371439.701088, 1524371448.023024, 1524371462.771492, 1524371483.815665, 1524371500.924607, 1524371517.538718, 1524371528.472142, 1524371544.958156, 1524371561.55041, 1524371587.542876, 1524371605.077708, 1524371621.621557, 1524371640.339594, 1524371657.8053498, 1524371666.3615181, 1524371678.73805, 1524371687.746248, 1524371706.528634, 1524371730.954252, 1524371755.213213, 1524371765.2664452, 1524371774.1248052, 1524371797.013309, 1524371816.219295, 1524371825.300735, 1524371844.016449, 1524371854.783509, 1524371874.16707, 1524371882.023754, 1524371889.1156712, 1524371910.6943512, 1524371927.990415, 1524371935.656379, 1524371945.7233229, 1524371954.8748531, 1524371964.440462, 1524371979.64882, 1524372001.830048, 1524372020.959123], "episode_lengths": [1641, 866, 792, 800, 1342, 923, 2469, 898, 848, 1313, 1832, 802, 735, 2318, 732, 1556, 2387, 710, 1421, 1553, 1559, 1514, 1672, 676, 1873, 796, 1535, 1414, 1869, 1673, 1887, 1193, 1840, 1433, 843, 1133, 1580, 1523, 1031, 943, 1470, 1199, 1995, 1026, 783, 676, 908, 1582, 1462, 1937, 837, 823, 1649, 1672, 1759, 723, 2022, 2316, 1820, 1350, 2137, 693, 693, 1267, 1447, 1508, 1360, 913, 1408, 1322, 2087, 1408, 1410, 1622, 1586, 776, 1122, 823, 1725, 2271, 2289, 924, 846, 2115, 1769, 830, 1559, 784, 1461, 631, 620, 1955, 1558, 683, 875, 776, 851, 1341, 1811, 1620], "episode_rewards": [69.0, 31.0, 33.0, 34.0, 54.0, 33.0, 79.0, 32.0, 30.0, 63.0, 67.0, 31.0, 34.0, 101.0, 32.0, 67.0, 103.0, 33.0, 69.0, 69.0, 69.0, 67.0, 68.0, 32.0, 68.0, 32.0, 65.0, 68.0, 68.0, 69.0, 70.0, 58.0, 67.0, 68.0, 31.0, 32.0, 70.0, 67.0, 33.0, 34.0, 63.0, 55.0, 78.0, 30.0, 33.0, 34.0, 32.0, 67.0, 71.0, 83.0, 29.0, 32.0, 68.0, 69.0, 69.0, 34.0, 91.0, 90.0, 88.0, 54.0, 87.0, 31.0, 34.0, 69.0, 64.0, 66.0, 65.0, 33.0, 63.0, 48.0, 82.0, 59.0, 65.0, 65.0, 67.0, 33.0, 56.0, 31.0, 69.0, 104.0, 96.0, 33.0, 31.0, 88.0, 68.0, 31.0, 66.0, 32.0, 67.0, 34.0, 24.0, 93.0, 68.0, 32.0, 31.0, 36.0, 33.0, 66.0, 68.0, 71.0], "episode_types": ["t", "t", "t", "t", "t", "t", "t", "t", "t", "t", "t", "t", "t", "t", "t", "t", "t", "t", "t", "t", "t", "t", "t", "t", "t", "t", "t", "t", "t", "t", "t", "t", "t", "t", "t", "t", "t", "t", "t", "t", "t", "t", "t", "t", "t", "t", "t", "t", "t", "t", "t", "t", "t", "t", "t", "t", "t", "t", "t", "t", "t", "t", "t", "t", "t", "t", "t", "t", "t", "t", "t", "t", "t", "t", "t", "t", "t", "t", "t", "t", "t", "t", "t", "t", "t", "t", "t", "t", "t", "t", "t", "t", "t", "t", "t", "t", "t", "t", "t", "t"]}