{"initial_reset_timestamp": 1547486741.523285, "timestamps": [1547486746.099423, 1547486747.576457, 1547486751.77722, 1547486752.247946, 1547486762.829912, 1547486768.934368, 1547486769.6917, 1547486771.749666, 1547486772.9057448, 1547486773.432105, 1547486777.993224, 1547486779.470401, 1547486780.1895192, 1547486780.905493, 1547486783.630547, 1547486786.783041, 1547486786.946738, 1547486788.915715, 1547486789.625879, 1547486795.466829, 1547486798.5516002, 1547486800.595005, 1547486803.4000819, 1547486805.138768, 1547486805.963074, 1547486808.939081, 1547486825.2123399, 1547486828.5507998, 1547486829.103982, 1547486830.2164328, 1547486830.6903281, 1547486833.9844968, 1547486834.4798431, 1547486835.154542, 1547486835.580981, 1547486840.3647501, 1547486843.1975849, 1547486844.434657, 1547486849.0555441, 1547486849.538859, 1547486853.167927, 1547486858.599744, 1547486860.623689, 1547486861.196011, 1547486863.2173922, 1547486866.217341, 1547486866.728502, 1547486868.6463811, 1547486869.141123, 1547486869.8642628, 1547486872.69292, 1547486873.214061, 1547486873.8926232, 1547486875.426647, 1547486875.936908, 1547486877.9006772, 1547486880.06471, 1547486881.294366, 1547486882.5130188, 1547486883.659414, 1547486884.365189, 1547486884.536188, 1547486885.219062, 1547486890.260396, 1547486892.394222, 1547486892.992566, 1547486893.669699, 1547486894.550088, 1547486897.769226, 1547486898.26757, 1547486902.9153159, 1547486908.982759, 1547486912.264898, 1547486913.497016, 1547486914.244538, 1547486918.661463, 1547486922.949089, 1547486925.84341, 1547486928.7506418, 1547486933.001944, 1547486933.5184, 1547486933.979496, 1547486939.513773, 1547486940.275969, 1547486943.058704, 1547486944.31734, 1547486945.069788, 1547486945.791444, 1547486946.462683, 1547486947.175764, 1547486948.347338, 1547486948.506349, 1547486948.6934578, 1547486949.268158, 1547486954.168826, 1547486956.207954, 1547486957.656794, 1547486959.0966048, 1547486961.0718122, 1547486962.404261], "episode_lengths": [1307, 418, 2095, 242, 5088, 2799, 350, 950, 294, 226, 2107, 688, 336, 331, 1259, 1457, 77, 948, 348, 2775, 1382, 922, 1329, 728, 362, 1329, 7997, 950, 256, 565, 242, 1674, 256, 339, 217, 2431, 1443, 633, 2183, 219, 1652, 2455, 938, 266, 940, 1411, 242, 922, 246, 355, 1389, 260, 336, 762, 256, 982, 1078, 613, 609, 573, 349, 85, 339, 2504, 601, 238, 306, 378, 1365, 223, 2109, 2932, 1630, 615, 371, 2199, 2143, 1441, 1445, 2111, 260, 230, 2761, 376, 1389, 631, 374, 359, 336, 356, 587, 80, 95, 292, 2438, 1002, 707, 730, 1006, 677], "episode_rewards": [3557.0, 916.0, 5896.0, 580.0, 13853.0, 6820.0, 923.0, 2578.0, 584.0, 576.0, 5891.0, 1857.0, 915.0, 903.0, 3566.0, 3880.0, 77.0, 2570.0, 908.0, 7558.0, 3872.0, 2560.0, 3565.0, 1854.0, 906.0, 3556.0, 22057.0, 2581.0, 579.0, 1565.0, 569.0, 4574.0, 565.0, 904.0, 568.0, 6842.0, 3877.0, 1571.0, 5890.0, 571.0, 4553.0, 6831.0, 2580.0, 576.0, 2564.0, 3871.0, 569.0, 2578.0, 567.0, 903.0, 3883.0, 572.0, 916.0, 1870.0, 579.0, 2575.0, 2552.0, 1561.0, 1560.0, 1565.0, 901.0, 75.0, 904.0, 6842.0, 1575.0, 573.0, 577.0, 910.0, 3880.0, 586.0, 5897.0, 7542.0, 4573.0, 1562.0, 896.0, 5893.0, 5560.0, 3881.0, 3882.0, 5892.0, 581.0, 566.0, 7548.0, 911.0, 3892.0, 1576.0, 906.0, 901.0, 899.0, 908.0, 1574.0, 72.0, 122.0, 574.0, 6838.0, 2561.0, 1856.0, 1858.0, 2555.0, 1843.0], "episode_types": ["t", "t", "t", "t", "t", "t", "t", "t", "t", "t", "t", "t", "t", "t", "t", "t", "t", "t", "t", "t", "t", "t", "t", "t", "t", "t", "t", "t", "t", "t", "t", "t", "t", "t", "t", "t", "t", "t", "t", "t", "t", "t", "t", "t", "t", "t", "t", "t", "t", "t", "t", "t", "t", "t", "t", "t", "t", "t", "t", "t", "t", "t", "t", "t", "t", "t", "t", "t", "t", "t", "t", "t", "t", "t", "t", "t", "t", "t", "t", "t", "t", "t", "t", "t", "t", "t", "t", "t", "t", "t", "t", "t", "t", "t", "t", "t", "t", "t", "t", "t"]}