{"initial_reset_timestamp": 1523314245.3126552, "timestamps": [1523314246.145334, 1523314246.9746602, 1523314247.50159, 1523314248.18633, 1523314248.8779058, 1523314249.450453, 1523314250.093968, 1523314250.889807, 1523314252.0484521, 1523314252.786046, 1523314254.20482, 1523314255.60729, 1523314256.603032, 1523314257.927534, 1523314259.098363, 1523314260.312903, 1523314261.458325, 1523314262.778854, 1523314263.918273, 1523314265.187878, 1523314265.913415, 1523314266.6594298, 1523314267.878348, 1523314268.853906, 1523314270.19724, 1523314271.4317162, 1523314272.447495, 1523314274.410379, 1523314275.7505212, 1523314276.70837, 1523314277.73854, 1523314278.869015, 1523314280.009139, 1523314280.649966, 1523314282.352463, 1523314283.107844, 1523314284.794199, 1523314285.428226, 1523314286.7267258, 1523314287.566729, 1523314289.0333052, 1523314289.9994721, 1523314290.972571, 1523314292.048456, 1523314293.0185988, 1523314293.676825, 1523314295.120748, 1523314296.0664802, 1523314296.934012, 1523314298.055619, 1523314298.902792, 1523314299.526656, 1523314300.66748, 1523314301.210829, 1523314301.597493, 1523314302.195169, 1523314302.703077, 1523314303.288796, 1523314304.1752, 1523314304.6422899, 1523314305.750717, 1523314306.234166, 1523314306.877085, 1523314307.894651, 1523314309.255153, 1523314309.7076118, 1523314310.1604009, 1523314311.2496672, 1523314312.0578802, 1523314312.6265652, 1523314313.030968, 1523314313.388522, 1523314313.794126, 1523314314.475635, 1523314315.251162, 1523314315.7162392, 1523314316.829778, 1523314317.320767, 1523314317.704726, 1523314318.9125981, 1523314319.454668, 1523314320.741983, 1523314321.108484, 1523314321.5990112, 1523314322.2721071, 1523314322.894987, 1523314324.1360939, 1523314325.4411159, 1523314325.867104, 1523314326.2883358, 1523314326.876089, 1523314327.287827, 1523314328.051738, 1523314328.587975, 1523314329.018952, 1523314329.683081, 1523314330.114187, 1523314330.46154, 1523314330.888339, 1523314331.25233], "episode_lengths": [381, 437, 393, 405, 543, 513, 569, 631, 599, 535, 761, 850, 642, 767, 675, 696, 734, 875, 653, 673, 379, 413, 591, 631, 925, 761, 669, 777, 819, 534, 633, 757, 745, 452, 1016, 489, 1007, 391, 778, 531, 1009, 619, 614, 699, 541, 411, 990, 599, 571, 756, 570, 389, 959, 715, 489, 745, 445, 723, 1219, 505, 977, 608, 804, 1140, 793, 493, 587, 1225, 815, 641, 492, 389, 547, 920, 1016, 627, 1550, 640, 519, 1697, 708, 1389, 388, 609, 602, 619, 1029, 1274, 565, 484, 761, 543, 1032, 554, 553, 943, 626, 453, 613, 605], "episode_rewards": [100.0, 85.0, 75.0, 50.0, 105.0, 55.0, 110.0, 105.0, 35.0, 105.0, 110.0, 215.0, 135.0, 210.0, 150.0, 135.0, 115.0, 440.0, 100.0, 120.0, 80.0, 120.0, 60.0, 80.0, 250.0, 110.0, 120.0, 210.0, 185.0, 90.0, 125.0, 180.0, 215.0, 135.0, 485.0, 60.0, 315.0, 90.0, 410.0, 90.0, 195.0, 90.0, 65.0, 135.0, 35.0, 60.0, 155.0, 105.0, 110.0, 135.0, 125.0, 65.0, 295.0, 210.0, 65.0, 120.0, 45.0, 135.0, 280.0, 65.0, 180.0, 125.0, 205.0, 425.0, 260.0, 75.0, 50.0, 495.0, 175.0, 110.0, 15.0, 100.0, 75.0, 180.0, 170.0, 105.0, 640.0, 45.0, 105.0, 690.0, 50.0, 485.0, 45.0, 110.0, 80.0, 105.0, 180.0, 365.0, 120.0, 65.0, 235.0, 85.0, 280.0, 110.0, 180.0, 210.0, 155.0, 40.0, 55.0, 210.0], "episode_types": ["t", "t", "t", "t", "t", "t", "t", "t", "t", "t", "t", "t", "t", "t", "t", "t", "t", "t", "t", "t", "t", "t", "t", "t", "t", "t", "t", "t", "t", "t", "t", "t", "t", "t", "t", "t", "t", "t", "t", "t", "t", "t", "t", "t", "t", "t", "t", "t", "t", "t", "t", "t", "t", "t", "t", "t", "t", "t", "t", "t", "t", "t", "t", "t", "t", "t", "t", "t", "t", "t", "t", "t", "t", "t", "t", "t", "t", "t", "t", "t", "t", "t", "t", "t", "t", "t", "t", "t", "t", "t", "t", "t", "t", "t", "t", "t", "t", "t", "t", "t"]}