{"initial_reset_timestamp": 1534827241.913014, "timestamps": [1534827242.509405, 1534827245.3446631, 1534827245.81909, 1534827246.931812, 1534827248.620254, 1534827249.65211, 1534827252.296364, 1534827254.9198232, 1534827255.710571, 1534827257.409492, 1534827259.668975, 1534827261.160606, 1534827262.182742, 1534827263.4997828, 1534827264.083731, 1534827264.675125, 1534827265.470261, 1534827266.953016, 1534827268.510106, 1534827269.114608, 1534827269.859541, 1534827272.5939698, 1534827273.043272, 1534827274.531703, 1534827275.981344, 1534827276.438087, 1534827277.031147, 1534827279.517183, 1534827280.135544, 1534827282.217689, 1534827283.511133, 1534827284.8169348, 1534827285.4064, 1534827287.032923, 1534827287.452694, 1534827287.894399, 1534827289.180274, 1534827289.987115, 1534827291.262093, 1534827291.854572, 1534827293.370029, 1534827294.5786722, 1534827295.8226628, 1534827298.136668, 1534827299.0032241, 1534827301.43712, 1534827303.180604, 1534827304.23403, 1534827305.327683, 1534827307.5150342, 1534827308.5890958, 1534827311.0018198, 1534827312.329546, 1534827313.838845, 1534827316.081771, 1534827317.372035, 1534827318.587061, 1534827320.722949, 1534827322.974776, 1534827326.46258, 1534827327.608683, 1534827328.291328, 1534827330.042412, 1534827331.7056808, 1534827335.15283, 1534827335.6232471, 1534827336.935881, 1534827339.256083, 1534827340.914154, 1534827342.245048, 1534827344.493288, 1534827345.2621388, 1534827346.561177, 1534827347.438853, 1534827348.126984, 1534827348.611976, 1534827350.100914, 1534827350.758451, 1534827352.5191839, 1534827353.012063, 1534827353.306703, 1534827354.660032, 1534827357.1172092, 1534827357.761436, 1534827359.568449, 1534827360.93761, 1534827362.639334, 1534827365.3374841, 1534827367.079626, 1534827369.956178, 1534827372.647348, 1534827373.095773, 1534827375.7857249, 1534827378.412351, 1534827379.806859, 1534827381.3374588, 1534827383.113236, 1534827384.683715, 1534827387.104615, 1534827389.993968], "episode_lengths": [42, 223, 43, 106, 159, 98, 250, 248, 62, 157, 214, 140, 97, 124, 56, 57, 76, 140, 148, 57, 71, 259, 43, 140, 137, 44, 57, 197, 55, 197, 122, 124, 57, 153, 40, 43, 122, 77, 121, 57, 144, 115, 118, 219, 78, 229, 164, 101, 103, 207, 102, 227, 125, 142, 209, 115, 112, 197, 201, 269, 100, 55, 141, 145, 258, 39, 116, 205, 144, 118, 198, 69, 97, 72, 56, 40, 122, 60, 135, 44, 26, 119, 214, 57, 157, 121, 149, 239, 141, 249, 238, 40, 239, 234, 121, 137, 156, 142, 219, 274], "episode_rewards": [390.0, 1855.0, 381.0, 961.0, 1490.0, 940.0, 2144.0, 2154.0, 482.0, 1244.0, 2079.0, 1277.0, 959.0, 1123.0, 486.0, 483.0, 686.0, 1300.0, 1249.0, 482.0, 658.0, 2152.0, 389.0, 1360.0, 1298.0, 377.0, 484.0, 1890.0, 485.0, 1954.0, 1136.0, 1117.0, 487.0, 1489.0, 379.0, 390.0, 1127.0, 693.0, 1134.0, 485.0, 1359.0, 1134.0, 1129.0, 1854.0, 692.0, 2051.0, 1480.0, 962.0, 940.0, 1792.0, 964.0, 1955.0, 1123.0, 1294.0, 2069.0, 1127.0, 965.0, 1943.0, 1842.0, 2111.0, 962.0, 487.0, 1299.0, 1284.0, 2084.0, 371.0, 1128.0, 1793.0, 1359.0, 1142.0, 1854.0, 659.0, 962.0, 690.0, 487.0, 372.0, 1127.0, 484.0, 1290.0, 404.0, 170.0, 1128.0, 2092.0, 485.0, 1244.0, 1133.0, 1352.0, 2115.0, 1275.0, 2092.0, 2118.0, 379.0, 2073.0, 2090.0, 1128.0, 1278.0, 1494.0, 1274.0, 2064.0, 2079.0], "episode_types": ["t", "t", "t", "t", "t", "t", "t", "t", "t", "t", "t", "t", "t", "t", "t", "t", "t", "t", "t", "t", "t", "t", "t", "t", "t", "t", "t", "t", "t", "t", "t", "t", "t", "t", "t", "t", "t", "t", "t", "t", "t", "t", "t", "t", "t", "t", "t", "t", "t", "t", "t", "t", "t", "t", "t", "t", "t", "t", "t", "t", "t", "t", "t", "t", "t", "t", "t", "t", "t", "t", "t", "t", "t", "t", "t", "t", "t", "t", "t", "t", "t", "t", "t", "t", "t", "t", "t", "t", "t", "t", "t", "t", "t", "t", "t", "t", "t", "t", "t", "t"]}