{"initial_reset_timestamp": 1534815374.7670689, "timestamps": [1534815376.76179, 1534815379.651065, 1534815385.61492, 1534815387.1116319, 1534815387.8953412, 1534815388.776897, 1534815390.674208, 1534815392.313886, 1534815394.0957701, 1534815395.700865, 1534815397.131524, 1534815399.919067, 1534815400.543621, 1534815401.181165, 1534815402.907788, 1534815403.459827, 1534815405.930634, 1534815406.641887, 1534815408.214302, 1534815409.671704, 1534815416.7684631, 1534815417.215688, 1534815418.58387, 1534815419.962091, 1534815420.6339982, 1534815421.8939211, 1534815422.573744, 1534815425.328505, 1534815432.2830138, 1534815433.6218429, 1534815434.320113, 1534815436.149205, 1534815437.4254332, 1534815440.208877, 1534815441.842864, 1534815442.935487, 1534815444.725697, 1534815446.156136, 1534815447.606112, 1534815448.280302, 1534815450.9014442, 1534815453.4319859, 1534815455.798481, 1534815457.090684, 1534815458.604995, 1534815460.145588, 1534815462.556473, 1534815465.068054, 1534815467.47266, 1534815469.793646, 1534815472.166058, 1534815472.466004, 1534815473.676981, 1534815474.8291671, 1534815477.235543, 1534815482.472575, 1534815483.125011, 1534815484.864937, 1534815487.5872772, 1534815489.101931, 1534815490.720208, 1534815491.206485, 1534815492.578249, 1534815493.646731, 1534815499.3779898, 1534815502.474416, 1534815503.138077, 1534815504.854388, 1534815507.283377, 1534815507.986856, 1534815510.158001, 1534815511.950243, 1534815513.393025, 1534815516.365132, 1534815518.942206, 1534815519.393294, 1534815520.498928, 1534815522.2584581, 1534815522.559191, 1534815524.96879, 1534815527.1829498, 1534815527.668811, 1534815528.3784032, 1534815531.133601, 1534815531.845547, 1534815534.830164, 1534815535.4933388, 1534815538.595598, 1534815539.2806761, 1534815541.924279, 1534815543.472189, 1534815545.654211, 1534815546.171803, 1534815547.690548, 1534815548.758582, 1534815550.3147001, 1534815552.676333, 1534815555.372998, 1534815556.5173829, 1534815557.65249], "episode_lengths": [139, 224, 553, 138, 68, 72, 156, 139, 127, 131, 122, 240, 44, 52, 148, 47, 219, 61, 138, 128, 642, 39, 129, 123, 59, 118, 59, 195, 589, 118, 59, 149, 111, 242, 141, 94, 156, 124, 126, 57, 239, 240, 223, 121, 143, 145, 230, 239, 230, 220, 226, 26, 115, 98, 203, 477, 57, 148, 236, 132, 144, 44, 121, 98, 454, 274, 57, 154, 220, 60, 193, 158, 126, 264, 228, 39, 99, 155, 26, 218, 204, 42, 44, 196, 48, 242, 57, 280, 59, 249, 143, 206, 47, 142, 100, 141, 196, 245, 102, 97], "episode_rewards": [1287.0, 2060.0, 2779.0, 1284.0, 480.0, 702.0, 1244.0, 1276.0, 1244.0, 1118.0, 1137.0, 2103.0, 381.0, 386.0, 1350.0, 386.0, 1956.0, 483.0, 1290.0, 1129.0, 2766.0, 374.0, 1122.0, 1122.0, 484.0, 1130.0, 484.0, 1845.0, 2777.0, 1129.0, 484.0, 1246.0, 961.0, 2041.0, 1280.0, 944.0, 1492.0, 1115.0, 1122.0, 492.0, 2140.0, 2140.0, 2068.0, 1141.0, 1273.0, 1268.0, 2095.0, 2040.0, 2142.0, 1934.0, 2073.0, 170.0, 1126.0, 943.0, 1875.0, 2608.0, 485.0, 1286.0, 2051.0, 1120.0, 1288.0, 370.0, 1134.0, 958.0, 2579.0, 1944.0, 483.0, 1498.0, 2094.0, 485.0, 1855.0, 1490.0, 1122.0, 2076.0, 2115.0, 374.0, 955.0, 1251.0, 170.0, 2073.0, 1870.0, 363.0, 371.0, 1925.0, 384.0, 2139.0, 486.0, 2082.0, 492.0, 2138.0, 1350.0, 1782.0, 389.0, 1280.0, 958.0, 1272.0, 1817.0, 2097.0, 976.0, 947.0], "episode_types": ["t", "t", "t", "t", "t", "t", "t", "t", "t", "t", "t", "t", "t", "t", "t", "t", "t", "t", "t", "t", "t", "t", "t", "t", "t", "t", "t", "t", "t", "t", "t", "t", "t", "t", "t", "t", "t", "t", "t", "t", "t", "t", "t", "t", "t", "t", "t", "t", "t", "t", "t", "t", "t", "t", "t", "t", "t", "t", "t", "t", "t", "t", "t", "t", "t", "t", "t", "t", "t", "t", "t", "t", "t", "t", "t", "t", "t", "t", "t", "t", "t", "t", "t", "t", "t", "t", "t", "t", "t", "t", "t", "t", "t", "t", "t", "t", "t", "t", "t", "t"]}