{"initial_reset_timestamp": 1523314238.8580322, "timestamps": [1523314239.68194, 1523314240.845859, 1523314241.8692539, 1523314242.646562, 1523314243.319836, 1523314243.90525, 1523314244.4714382, 1523314245.088351, 1523314246.7834518, 1523314248.158112, 1523314248.9292228, 1523314249.3570812, 1523314250.151287, 1523314251.325429, 1523314252.207707, 1523314252.838377, 1523314253.899348, 1523314254.96207, 1523314256.451216, 1523314257.519305, 1523314258.584106, 1523314260.092502, 1523314261.027733, 1523314262.358389, 1523314263.94051, 1523314265.1914182, 1523314266.28913, 1523314267.9124658, 1523314268.814177, 1523314269.885698, 1523314270.873195, 1523314271.408569, 1523314272.570521, 1523314273.351597, 1523314274.183876, 1523314276.039042, 1523314277.1963909, 1523314278.0021062, 1523314279.8671758, 1523314280.9473548, 1523314282.506531, 1523314284.2011561, 1523314285.1577148, 1523314286.97838, 1523314288.1691031, 1523314289.1694028, 1523314290.6301749, 1523314291.7262049, 1523314293.023468, 1523314293.687041, 1523314294.3865721, 1523314295.386245, 1523314296.337522, 1523314297.8091478, 1523314298.782131, 1523314299.733569, 1523314300.485496, 1523314300.8525891, 1523314301.314791, 1523314301.835328, 1523314302.9660292, 1523314303.312636, 1523314303.879482, 1523314304.394243, 1523314305.7752142, 1523314306.163073, 1523314306.499302, 1523314306.825896, 1523314307.618312, 1523314308.241357, 1523314309.3259299, 1523314309.843324, 1523314310.727468, 1523314311.31597, 1523314312.06546, 1523314312.6376672, 1523314313.3576179, 1523314313.7115378, 1523314314.2736251, 1523314314.792927, 1523314315.355841, 1523314315.744797, 1523314316.189795, 1523314316.651496, 1523314317.1809568, 1523314317.5613189, 1523314318.313847, 1523314319.0038111, 1523314319.798698, 1523314320.633109, 1523314321.6035001, 1523314322.628327, 1523314323.349431, 1523314324.3037388, 1523314325.3488529, 1523314325.749815, 1523314326.194047, 1523314326.792547, 1523314327.4974232, 1523314328.168858], "episode_lengths": [550, 763, 846, 509, 582, 647, 583, 556, 698, 1000, 617, 379, 702, 879, 658, 400, 557, 707, 915, 589, 613, 968, 516, 908, 924, 669, 614, 640, 558, 736, 659, 368, 694, 409, 413, 1044, 667, 554, 1246, 719, 964, 1046, 615, 1136, 810, 627, 951, 709, 823, 407, 469, 651, 624, 980, 638, 604, 637, 378, 588, 675, 1220, 439, 761, 652, 963, 437, 374, 377, 830, 508, 803, 643, 1124, 665, 833, 635, 867, 482, 756, 697, 681, 533, 588, 610, 716, 495, 1034, 942, 968, 674, 1105, 977, 673, 898, 943, 533, 520, 721, 956, 853], "episode_rewards": [155.0, 155.0, 210.0, 110.0, 135.0, 105.0, 110.0, 75.0, 120.0, 120.0, 105.0, 50.0, 185.0, 415.0, 160.0, 105.0, 110.0, 185.0, 180.0, 75.0, 110.0, 210.0, 55.0, 260.0, 215.0, 120.0, 90.0, 105.0, 80.0, 105.0, 100.0, 75.0, 160.0, 90.0, 75.0, 315.0, 150.0, 80.0, 210.0, 130.0, 240.0, 440.0, 110.0, 330.0, 65.0, 105.0, 430.0, 210.0, 225.0, 30.0, 10.0, 105.0, 110.0, 205.0, 110.0, 155.0, 80.0, 80.0, 135.0, 120.0, 515.0, 105.0, 180.0, 120.0, 335.0, 150.0, 65.0, 95.0, 230.0, 15.0, 210.0, 150.0, 180.0, 105.0, 210.0, 50.0, 560.0, 30.0, 135.0, 120.0, 180.0, 55.0, 85.0, 105.0, 135.0, 45.0, 470.0, 175.0, 270.0, 150.0, 320.0, 240.0, 210.0, 195.0, 160.0, 55.0, 90.0, 135.0, 390.0, 410.0], "episode_types": ["t", "t", "t", "t", "t", "t", "t", "t", "t", "t", "t", "t", "t", "t", "t", "t", "t", "t", "t", "t", "t", "t", "t", "t", "t", "t", "t", "t", "t", "t", "t", "t", "t", "t", "t", "t", "t", "t", "t", "t", "t", "t", "t", "t", "t", "t", "t", "t", "t", "t", "t", "t", "t", "t", "t", "t", "t", "t", "t", "t", "t", "t", "t", "t", "t", "t", "t", "t", "t", "t", "t", "t", "t", "t", "t", "t", "t", "t", "t", "t", "t", "t", "t", "t", "t", "t", "t", "t", "t", "t", "t", "t", "t", "t", "t", "t", "t", "t", "t", "t"]}