{"initial_reset_timestamp": 1523464713.7630131, "timestamps": [1523464720.367685, 1523464728.163195, 1523464733.3602738, 1523464739.079979, 1523464745.94528, 1523464751.2518342, 1523464755.466475, 1523464762.0687659, 1523464768.6502452, 1523464773.6735098, 1523464778.208309, 1523464784.734484, 1523464789.6081312, 1523464795.414177, 1523464801.797023, 1523464807.3992991, 1523464814.999296, 1523464820.875183, 1523464827.7051919, 1523464834.840885, 1523464842.334739, 1523464847.688813, 1523464853.503989, 1523464860.561137, 1523464867.238156, 1523464874.333452, 1523464879.155596, 1523464887.341224, 1523464892.2108989, 1523464897.579637, 1523464903.786866, 1523464909.719878, 1523464915.066253, 1523464921.827635, 1523464928.672823, 1523464934.873207, 1523464940.501392, 1523464947.5287611, 1523464953.2791119, 1523464959.942474, 1523464964.338041, 1523464970.378902, 1523464977.38313, 1523464983.5829692, 1523464988.735639, 1523464994.4442618, 1523464999.9964778, 1523465006.809087, 1523465012.718034, 1523465019.990292, 1523465026.264721, 1523465032.557157, 1523465038.350183, 1523465045.856886, 1523465049.834261, 1523465056.409898, 1523465064.033964, 1523465071.004606, 1523465078.742839, 1523465085.137986, 1523465092.740462, 1523465098.406205, 1523465104.387923, 1523465110.659253, 1523465116.3983412, 1523465122.063503, 1523465128.337209, 1523465133.9248362, 1523465139.340961, 1523465145.160695, 1523465152.535487, 1523465158.443618, 1523465165.693739, 1523465171.523575, 1523465177.087471, 1523465182.6382651, 1523465189.638124, 1523465195.141813, 1523465203.402903, 1523465208.64632, 1523465214.193355, 1523465221.3678741, 1523465228.395427, 1523465234.3117042, 1523465239.481867, 1523465245.626723, 1523465251.1608691, 1523465257.892666, 1523465263.485485, 1523465270.004412, 1523465275.1632562, 1523465281.853617, 1523465288.071486, 1523465296.0581498, 1523465302.27618, 1523465309.228173, 1523465314.978834, 1523465321.8805928, 1523465328.655644, 1523465334.669652], "episode_lengths": [1797, 2169, 1729, 1994, 2347, 1830, 1430, 2356, 1841, 1717, 1619, 2237, 1697, 1981, 2184, 1920, 2562, 2025, 2366, 2351, 2558, 1805, 1989, 2423, 2312, 2424, 1618, 2280, 1662, 1857, 2135, 2015, 1821, 2313, 2300, 2125, 1918, 2391, 1978, 2240, 1524, 2104, 2373, 2124, 1727, 1978, 1866, 2371, 2041, 2494, 2142, 2156, 2005, 2576, 1382, 2240, 2619, 2408, 2609, 2213, 2629, 1928, 2051, 2144, 1619, 1945, 2143, 1915, 1812, 2024, 2547, 2031, 2481, 1980, 1905, 1757, 2369, 1901, 2829, 1763, 1845, 2473, 2400, 2056, 1817, 2116, 1905, 2344, 1924, 2220, 1769, 2345, 2160, 2739, 2185, 2391, 2013, 2365, 2293, 2203], "episode_rewards": [218.0, 141.0, 111.0, 60.0, 135.0, 96.0, 80.0, 113.0, 96.0, 90.0, 66.0, 151.0, 273.0, 121.0, 183.0, 98.0, 214.0, 123.0, 125.0, 156.0, 181.0, 104.0, 133.0, 186.0, 153.0, 189.0, 71.0, 167.0, 76.0, 110.0, 244.0, 85.0, 294.0, 155.0, 238.0, 232.0, 105.0, 160.0, 98.0, 265.0, 67.0, 114.0, 239.0, 246.0, 121.0, 108.0, 97.0, 150.0, 127.0, 228.0, 145.0, 112.0, 91.0, 166.0, 175.0, 232.0, 325.0, 199.0, 213.0, 207.0, 253.0, 222.0, 85.0, 111.0, 83.0, 107.0, 198.0, 100.0, 147.0, 147.0, 228.0, 119.0, 293.0, 110.0, 149.0, 108.0, 134.0, 67.0, 293.0, 128.0, 74.0, 162.0, 176.0, 270.0, 103.0, 86.0, 282.0, 143.0, 94.0, 162.0, 74.0, 157.0, 114.0, 245.0, 105.0, 127.0, 98.0, 207.0, 135.0, 121.0], "episode_types": ["t", "t", "t", "t", "t", "t", "t", "t", "t", "t", "t", "t", "t", "t", "t", "t", "t", "t", "t", "t", "t", "t", "t", "t", "t", "t", "t", "t", "t", "t", "t", "t", "t", "t", "t", "t", "t", "t", "t", "t", "t", "t", "t", "t", "t", "t", "t", "t", "t", "t", "t", "t", "t", "t", "t", "t", "t", "t", "t", "t", "t", "t", "t", "t", "t", "t", "t", "t", "t", "t", "t", "t", "t", "t", "t", "t", "t", "t", "t", "t", "t", "t", "t", "t", "t", "t", "t", "t", "t", "t", "t", "t", "t", "t", "t", "t", "t", "t", "t", "t"]}