{"initial_reset_timestamp": 1524537052.8244045, "timestamps": [1524537054.040991, 1524537054.7262414, 1524537055.3214421, 1524537055.7963967, 1524537056.3085806, 1524537056.9290037, 1524537057.6345308, 1524537058.1467953, 1524537058.8206227, 1524537059.5836864, 1524537060.3909395, 1524537060.9240994, 1524537061.4500425, 1524537062.0252798, 1524537062.5866807, 1524537063.1789432, 1524537063.8796675, 1524537064.33863, 1524537064.6577926, 1524537065.0784104, 1524537065.7407768, 1524537066.407865, 1524537066.9496522, 1524537067.6674151, 1524537068.415614, 1524537069.331357, 1524537069.841717, 1524537070.480685, 1524537070.9608982, 1524537071.349323, 1524537071.9008265, 1524537072.749534, 1524537073.3784628, 1524537073.891816, 1524537074.4101741, 1524537074.9291825, 1524537076.0765488, 1524537076.6721509, 1524537077.4272676, 1524537077.8884795, 1524537078.502456, 1524537078.870461, 1524537079.6184018, 1524537080.057047, 1524537080.5334232, 1524537081.0327413, 1524537081.4189498, 1524537081.9768472, 1524537082.4087071, 1524537083.0076299, 1524537084.0465322, 1524537084.551084, 1524537084.950679, 1524537085.3650734, 1524537085.9430902, 1524537086.4727445, 1524537086.9300714, 1524537087.529622, 1524537087.974088, 1524537088.6005304, 1524537089.007152, 1524537089.6943812, 1524537090.2027524, 1524537090.613297, 1524537091.661134, 1524537092.4227414, 1524537093.1321034, 1524537093.559381, 1524537093.9010718, 1524537094.478435, 1524537094.8930328, 1524537095.7563381, 1524537096.220578, 1524537096.6882782, 1524537097.5892856, 1524537098.0136118, 1524537098.748301, 1524537099.3569303, 1524537099.8634572, 1524537100.4682739, 1524537100.8340461, 1524537101.2282002, 1524537101.7433486, 1524537102.4894183, 1524537103.0645857, 1524537103.5394459, 1524537104.5200853, 1524537105.0125194, 1524537105.3866293, 1524537105.8464518, 1524537106.2356167, 1524537106.7804935, 1524537107.257513, 1524537107.8730223, 1524537108.5945592, 1524537109.0193508, 1524537109.630274, 1524537110.3191113, 1524537110.7698305, 1524537111.286452, 1524537116.078416, 1524537117.8167343, 1524537120.8388858, 1524537123.0884395, 1524537125.4746847, 1524537127.8246827, 1524537131.1288671, 1524537133.0951195, 1524537134.8510926, 1524537136.813166, 1524537139.2151115, 1524537141.8935733, 1524537144.7123823, 1524537146.472549, 1524537149.1502223, 1524537152.7605493, 1524537154.6686995, 1524537157.2775357, 1524537158.8844442, 1524537161.3134737, 1524537163.3595762, 1524537165.4346144, 1524537168.1000543, 1524537169.9631445, 1524537172.1691148, 1524537175.0732498, 1524537177.5170302, 1524537180.0726793, 1524537183.9734988, 1524537186.1605837, 1524537188.9862344, 1524537192.531043, 1524537194.6424851, 1524537196.2938242, 1524537197.9673975, 1524537200.6418927, 1524537204.0934362, 1524537207.0910628, 1524537209.2162905, 1524537211.4871716, 1524537214.823919, 1524537217.306329, 1524537219.4378197, 1524537222.5919843, 1524537226.9407763, 1524537230.16853, 1524537231.8171184, 1524537233.832263, 1524537236.543981, 1524537238.8690803, 1524537242.1934218, 1524537244.467181, 1524537245.9142804, 1524537250.1187563, 1524537253.413449, 1524537255.6620975, 1524537257.7694225, 1524537261.379015, 1524537263.413552, 1524537265.422829, 1524537269.3484154, 1524537270.7828927, 1524537273.2569454, 1524537275.0770688, 1524537278.1161122, 1524537280.176872, 1524537283.0080686, 1524537285.2559006, 1524537289.3890588, 1524537292.773777, 1524537296.1101868, 1524537300.0569515, 1524537302.305178, 1524537305.578063, 1524537308.0028825, 1524537310.946945, 1524537313.0116646, 1524537316.7348807, 1524537318.3591194, 1524537320.993096, 1524537323.2722602, 1524537326.0130692, 1524537329.3274567, 1524537331.4212668, 1524537334.7434964, 1524537337.3932462, 1524537339.6864219, 1524537344.6724608, 1524537346.7079725, 1524537348.787599, 1524537351.0552661, 1524537357.252386, 1524537359.0419312, 1524537365.5770617, 1524537370.2825315, 1524537372.3223221, 1524537375.5267336, 1524537379.7346275, 1524537382.684569, 1524537386.6706305], "episode_lengths": [597, 422, 491, 424, 457, 554, 631, 458, 433, 662, 722, 473, 394, 511, 500, 530, 625, 410, 285, 373, 592, 594, 489, 642, 667, 814, 455, 404, 399, 345, 489, 757, 562, 459, 458, 466, 1025, 530, 675, 409, 546, 329, 668, 391, 422, 445, 345, 498, 385, 535, 925, 452, 354, 368, 518, 473, 405, 451, 393, 561, 362, 612, 454, 367, 679, 654, 637, 381, 301, 517, 367, 773, 414, 415, 811, 378, 654, 545, 400, 538, 323, 354, 462, 669, 457, 428, 877, 439, 335, 409, 348, 489, 428, 485, 592, 379, 548, 619, 400, 461, 481, 342, 618, 445, 498, 484, 685, 402, 340, 414, 508, 568, 598, 375, 573, 719, 402, 551, 344, 517, 378, 435, 550, 398, 398, 397, 415, 535, 768, 432, 587, 738, 440, 346, 354, 552, 734, 626, 441, 478, 686, 518, 416, 660, 920, 681, 307, 411, 591, 485, 666, 464, 284, 859, 684, 468, 440, 740, 414, 415, 796, 300, 517, 367, 639, 423, 589, 455, 850, 700, 695, 820, 465, 677, 497, 607, 426, 767, 342, 554, 482, 570, 697, 445, 655, 547, 434, 872, 422, 429, 464, 1298, 366, 1289, 968, 425, 660, 861, 621, 829], "episode_rewards": [0.0, -3.0, -1.0, -1.0, -2.0, 0.0, 1.0, -1.0, -1.0, 4.0, 3.0, -1.0, -2.0, 1.0, 0.0, -1.0, 4.0, -3.0, -4.0, -3.0, 2.0, 1.0, -1.0, 4.0, 3.0, 5.0, -1.0, -1.0, -2.0, -3.0, 0.0, 4.0, -1.0, -2.0, 2.0, -3.0, 6.0, 0.0, 2.0, -1.0, 1.0, -4.0, 3.0, -3.0, -1.0, -1.0, -3.0, 2.0, -4.0, 1.0, 7.0, -3.0, -2.0, -2.0, 3.0, -1.0, -2.0, -1.0, -2.0, -2.0, -3.0, 5.0, -2.0, -3.0, 2.0, 4.0, 3.0, -4.0, -4.0, -2.0, -3.0, 2.0, -2.0, -2.0, 2.0, -3.0, 5.0, 1.0, -2.0, -1.0, -4.0, -4.0, -2.0, 1.0, -1.0, -2.0, 9.0, -2.0, -4.0, -3.0, -3.0, 0.0, 0.0, 0.0, 1.0, -3.0, 0.0, 4.0, -2.0, -2.0, 0.0, -4.0, 2.0, 1.0, -2.0, 0.0, 5.0, -3.0, -3.0, -2.0, -2.0, 0.0, 2.0, -3.0, 1.0, 4.0, -4.0, 1.0, -4.0, 1.0, -2.0, -2.0, 4.0, -3.0, -3.0, -2.0, -3.0, 1.0, 4.0, -1.0, 4.0, 5.0, 0.0, -2.0, -3.0, 0.0, 2.0, 3.0, -2.0, -1.0, 4.0, 1.0, -2.0, 2.0, 6.0, 5.0, -4.0, -1.0, 2.0, -1.0, 3.0, -2.0, -4.0, 9.0, 3.0, 0.0, -2.0, 4.0, -2.0, -2.0, 6.0, -4.0, -1.0, -2.0, 2.0, -1.0, 2.0, -1.0, 4.0, 3.0, 5.0, 3.0, 0.0, 5.0, -1.0, 2.0, -1.0, 5.0, -4.0, 3.0, 0.0, 2.0, 4.0, 0.0, 2.0, 0.0, 0.0, 6.0, -1.0, -1.0, -2.0, 17.0, -4.0, 15.0, 7.0, -1.0, 1.0, 8.0, 5.0, 6.0], "episode_types": ["t", "t", "t", "t", "t", "t", "t", "t", "t", "t", "t", "t", "t", "t", "t", "t", "t", "t", "t", "t", "t", "t", "t", "t", "t", "t", "t", "t", "t", "t", "t", "t", "t", "t", "t", "t", "t", "t", "t", "t", "t", "t", "t", "t", "t", "t", "t", "t", "t", "t", "t", "t", "t", "t", "t", "t", "t", "t", "t", "t", "t", "t", "t", "t", "t", "t", "t", "t", "t", "t", "t", "t", "t", "t", "t", "t", "t", "t", "t", "t", "t", "t", "t", "t", "t", "t", "t", "t", "t", "t", "t", "t", "t", "t", "t", "t", "t", "t", "t", "t", "t", "t", "t", "t", "t", "t", "t", "t", "t", "t", "t", "t", "t", "t", "t", "t", "t", "t", "t", "t", "t", "t", "t", "t", "t", "t", "t", "t", "t", "t", "t", "t", "t", "t", "t", "t", "t", "t", "t", "t", "t", "t", "t", "t", "t", "t", "t", "t", "t", "t", "t", "t", "t", "t", "t", "t", "t", "t", "t", "t", "t", "t", "t", "t", "t", "t", "t", "t", "t", "t", "t", "t", "t", "t", "t", "t", "t", "t", "t", "t", "t", "t", "t", "t", "t", "t", "t", "t", "t", "t", "t", "t", "t", "t", "t", "t", "t", "t", "t", "t"]}