{"episode_types": ["t", "t", "t", "t", "t", "t", "t", "t", "t", "t", "t", "t", "t", "t", "t", "t", "t", "t", "t", "t", "t", "t", "t", "t", "t", "t", "t", "t", "t", "t", "t", "t", "t", "t", "t", "t", "t", "t", "t", "t", "t", "t", "t", "t", "t", "t", "t", "t", "t", "t", "t", "t", "t", "t", "t", "t", "t", "t", "t", "t", "t", "t", "t", "t", "t", "t", "t", "t", "t", "t", "t", "t", "t", "t", "t", "t", "t", "t", "t", "t", "t", "t", "t", "t", "t", "t", "t", "t", "t", "t", "t", "t", "t", "t", "t", "t", "t", "t", "t", "t"], "episode_lengths": [786, 1490, 959, 723, 1113, 870, 997, 1749, 1719, 1103, 1110, 894, 1077, 758, 1264, 1040, 877, 1950, 1495, 811, 642, 1506, 1018, 2079, 1925, 1160, 721, 953, 1378, 778, 728, 891, 1830, 858, 762, 714, 1363, 775, 1910, 551, 896, 1309, 765, 2057, 1815, 1724, 1454, 781, 1739, 689, 993, 658, 785, 859, 1370, 1684, 718, 892, 1875, 569, 721, 1745, 692, 924, 1743, 976, 605, 922, 816, 872, 1487, 748, 1054, 807, 802, 1199, 746, 734, 1313, 981, 1148, 1573, 1020, 743, 924, 1083, 1020, 789, 856, 832, 813, 1463, 1160, 776, 1020, 1629, 1847, 1009, 869, 1704], "timestamps": [1523817410.2225425, 1523817413.396373, 1523817415.3178732, 1523817416.8063133, 1523817419.0258691, 1523817421.0940058, 1523817423.6107621, 1523817426.899622, 1523817430.553815, 1523817432.5842624, 1523817435.0115776, 1523817436.7295425, 1523817440.2234976, 1523817441.7918973, 1523817444.3867977, 1523817446.495478, 1523817448.8755167, 1523817453.6080701, 1523817458.7486198, 1523817460.9441452, 1523817462.7277713, 1523817466.4327297, 1523817468.9324162, 1523817474.579027, 1523817478.4674523, 1523817480.827108, 1523817482.7438028, 1523817484.7967007, 1523817487.3606193, 1523817490.2267506, 1523817492.468683, 1523817494.4579353, 1523817498.5069034, 1523817500.6686492, 1523817502.1425269, 1523817503.5117755, 1523817506.1523428, 1523817507.6641734, 1523817511.2957773, 1523817512.8789406, 1523817514.6967537, 1523817517.2395353, 1523817518.7720401, 1523817523.5598795, 1523817527.5476542, 1523817531.1611688, 1523817533.9720788, 1523817536.2641907, 1523817540.1058595, 1523817541.6223755, 1523817543.7821083, 1523817545.076567, 1523817546.5999014, 1523817548.2461846, 1523817551.3841102, 1523817555.8650622, 1523817557.4300961, 1523817559.1376712, 1523817562.6221993, 1523817563.6897995, 1523817565.0390892, 1523817570.4265912, 1523817572.1144757, 1523817574.3420844, 1523817578.0291576, 1523817580.0294483, 1523817582.1288416, 1523817584.3752084, 1523817586.1877596, 1523817588.9937484, 1523817593.0760317, 1523817594.819424, 1523817596.9461906, 1523817598.5962417, 1523817600.5168507, 1523817603.815177, 1523817605.865014, 1523817607.3611102, 1523817610.0573885, 1523817612.0409987, 1523817615.0786054, 1523817619.118986, 1523817621.3989038, 1523817622.7649193, 1523817624.4589124, 1523817626.4820833, 1523817628.4508631, 1523817630.0525112, 1523817632.1335354, 1523817634.1292856, 1523817635.9189079, 1523817640.0420675, 1523817643.1756706, 1523817645.3156476, 1523817647.2363417, 1523817650.286799, 1523817653.7866638, 1523817655.718353, 1523817657.40073, 1523817660.6546423], "initial_reset_timestamp": 1523817408.0541675, "episode_rewards": [31.0, 62.0, 33.0, 33.0, 34.0, 32.0, 32.0, 64.0, 63.0, 31.0, 31.0, 29.0, 31.0, 32.0, 55.0, 30.0, 32.0, 67.0, 65.0, 34.0, 26.0, 63.0, 42.0, 73.0, 66.0, 48.0, 30.0, 31.0, 51.0, 33.0, 32.0, 33.0, 81.0, 32.0, 30.0, 32.0, 60.0, 34.0, 68.0, 22.0, 32.0, 44.0, 33.0, 68.0, 66.0, 63.0, 57.0, 33.0, 92.0, 33.0, 32.0, 33.0, 30.0, 32.0, 63.0, 62.0, 33.0, 33.0, 67.0, 23.0, 29.0, 69.0, 35.0, 33.0, 68.0, 32.0, 20.0, 33.0, 32.0, 32.0, 60.0, 32.0, 31.0, 33.0, 31.0, 49.0, 32.0, 34.0, 51.0, 33.0, 32.0, 67.0, 30.0, 34.0, 32.0, 43.0, 43.0, 34.0, 31.0, 31.0, 30.0, 53.0, 32.0, 32.0, 33.0, 68.0, 68.0, 32.0, 31.0, 63.0]}