{"initial_reset_timestamp": 1523316425.091454, "timestamps": [1523316429.364049, 1523316434.078756, 1523316439.951146, 1523316443.440335, 1523316445.687596, 1523316450.959784, 1523316454.364256, 1523316457.3480089, 1523316460.8202398, 1523316463.332491, 1523316469.743913, 1523316473.2156448, 1523316480.250957, 1523316487.821354, 1523316491.521536, 1523316495.6200829, 1523316502.809612, 1523316505.497571, 1523316511.264435, 1523316522.742978, 1523316525.5137122, 1523316532.2880929, 1523316536.909627, 1523316541.798812, 1523316544.401512, 1523316547.4627662, 1523316552.674888, 1523316558.2818198, 1523316563.475185, 1523316569.123191, 1523316572.027714, 1523316576.651106, 1523316581.572653, 1523316587.9140348, 1523316591.557649, 1523316596.638153, 1523316603.117048, 1523316606.162603, 1523316610.270033, 1523316613.234472, 1523316616.561174, 1523316620.3130171, 1523316623.726159, 1523316628.1681259, 1523316633.824864, 1523316639.564086, 1523316643.192915, 1523316649.526964, 1523316653.2389219, 1523316657.741191, 1523316664.415405, 1523316668.085688, 1523316672.1671722, 1523316678.164785, 1523316683.859784, 1523316687.481525, 1523316693.6849291, 1523316697.2192671, 1523316699.9751801, 1523316702.503115, 1523316706.211305, 1523316711.2359831, 1523316714.69309, 1523316720.0424352, 1523316725.758568, 1523316731.138651, 1523316734.470732, 1523316738.5232031, 1523316741.9440482, 1523316747.287406, 1523316750.270994, 1523316755.032063, 1523316759.576892, 1523316762.415688, 1523316768.5619578, 1523316771.5155368, 1523316778.850005, 1523316786.752534, 1523316792.086484, 1523316797.507276, 1523316802.7859259, 1523316808.8386822, 1523316812.3331032, 1523316818.710857, 1523316825.0374951, 1523316831.533219, 1523316835.25415, 1523316839.177736, 1523316844.549993, 1523316847.321049, 1523316850.683531, 1523316857.538574, 1523316863.061165, 1523316869.582675, 1523316872.638092, 1523316876.571769, 1523316882.030685, 1523316886.4449248, 1523316890.9496162, 1523316898.1281002], "episode_lengths": [659, 944, 1307, 776, 511, 1175, 757, 667, 696, 557, 1447, 781, 1354, 1469, 709, 651, 1361, 559, 1269, 1099, 597, 1517, 1045, 1099, 579, 683, 1158, 1090, 1113, 1276, 646, 1024, 1081, 1266, 670, 1095, 1143, 595, 823, 570, 642, 702, 682, 834, 1131, 1124, 733, 1089, 728, 864, 1255, 715, 806, 1160, 1129, 711, 1295, 759, 600, 540, 747, 1025, 669, 1047, 993, 1033, 660, 764, 659, 1030, 578, 926, 884, 561, 1189, 556, 1405, 1527, 1043, 1049, 1020, 1171, 676, 1231, 1231, 1235, 709, 756, 1041, 535, 647, 1339, 1048, 1267, 597, 751, 1057, 846, 869, 1378], "episode_rewards": [280.0, 420.0, 500.0, 335.0, 220.0, 555.0, 560.0, 280.0, 255.0, 175.0, 545.0, 330.0, 715.0, 805.0, 375.0, 280.0, 580.0, 215.0, 500.0, 390.0, 190.0, 605.0, 495.0, 465.0, 245.0, 305.0, 600.0, 720.0, 650.0, 720.0, 260.0, 545.0, 640.0, 545.0, 340.0, 405.0, 520.0, 220.0, 335.0, 215.0, 295.0, 275.0, 230.0, 405.0, 375.0, 370.0, 440.0, 445.0, 300.0, 365.0, 525.0, 315.0, 345.0, 495.0, 525.0, 230.0, 605.0, 335.0, 210.0, 210.0, 240.0, 720.0, 305.0, 425.0, 715.0, 470.0, 275.0, 375.0, 265.0, 410.0, 215.0, 540.0, 410.0, 205.0, 545.0, 265.0, 800.0, 740.0, 585.0, 460.0, 405.0, 605.0, 275.0, 540.0, 545.0, 540.0, 285.0, 315.0, 645.0, 205.0, 305.0, 520.0, 435.0, 575.0, 260.0, 290.0, 405.0, 350.0, 605.0, 600.0], "episode_types": ["t", "t", "t", "t", "t", "t", "t", "t", "t", "t", "t", "t", "t", "t", "t", "t", "t", "t", "t", "t", "t", "t", "t", "t", "t", "t", "t", "t", "t", "t", "t", "t", "t", "t", "t", "t", "t", "t", "t", "t", "t", "t", "t", "t", "t", "t", "t", "t", "t", "t", "t", "t", "t", "t", "t", "t", "t", "t", "t", "t", "t", "t", "t", "t", "t", "t", "t", "t", "t", "t", "t", "t", "t", "t", "t", "t", "t", "t", "t", "t", "t", "t", "t", "t", "t", "t", "t", "t", "t", "t", "t", "t", "t", "t", "t", "t", "t", "t", "t", "t"]}