{"initial_reset_timestamp": 1523376891.620833, "timestamps": [1523376895.310592, 1523376900.963546, 1523376906.023655, 1523376913.070198, 1523376917.8361201, 1523376925.3974762, 1523376931.36731, 1523376936.1714802, 1523376944.5522308, 1523376949.796085, 1523376951.768012, 1523376958.850234, 1523376966.26135, 1523376971.4351308, 1523376979.433172, 1523376983.3791301, 1523376987.0971992, 1523376992.560244, 1523376998.9147751, 1523377003.741428, 1523377007.183101, 1523377011.430366, 1523377016.586005, 1523377021.0777988, 1523377029.617119, 1523377036.766521, 1523377043.541416, 1523377051.263477, 1523377057.265486, 1523377061.845671, 1523377065.679747, 1523377071.4920409, 1523377077.681961, 1523377081.410601, 1523377089.872639, 1523377096.232397, 1523377101.3644009, 1523377108.6140952, 1523377114.187834, 1523377119.868151, 1523377123.232789, 1523377130.859466, 1523377137.678248, 1523377144.564019, 1523377150.551769, 1523377156.840075, 1523377164.044574, 1523377170.917235, 1523377178.0718741, 1523377182.332049, 1523377188.598499, 1523377194.391986, 1523377199.428254, 1523377204.468414, 1523377208.893982, 1523377212.3300889, 1523377217.057817, 1523377223.117861, 1523377213.795878, 1523377219.8013818, 1523377224.995568, 1523377231.402514, 1523377237.593473, 1523377242.7608662, 1523377249.435071, 1523377256.502188, 1523377260.751735, 1523377267.696615, 1523377274.160377, 1523377279.334995, 1523377284.0913239, 1523377287.049879, 1523377291.6405141, 1523377295.95088, 1523377299.4333062, 1523377303.101485, 1523377306.650811, 1523377309.93505, 1523377313.7972999, 1523377316.85618, 1523377319.982293, 1523377325.317914, 1523377329.942712, 1523377334.860542, 1523377337.592688, 1523377341.1992478, 1523377344.481269, 1523377349.485843, 1523377354.4981408, 1523377360.845181, 1523377366.094326, 1523377371.3228958, 1523377374.851385, 1523377378.342612, 1523377382.707154, 1523377385.418703, 1523377391.1491148, 1523377393.993112, 1523377397.36229, 1523377400.167948], "episode_lengths": [1008, 1443, 1662, 1715, 1185, 1792, 1601, 1301, 1870, 1245, 522, 1841, 1894, 1374, 2109, 1077, 975, 1446, 1713, 1306, 970, 1301, 1357, 1211, 2216, 1929, 1784, 1690, 1606, 1225, 1031, 1537, 1659, 999, 2189, 1709, 1363, 1967, 1504, 1534, 924, 2049, 1857, 1793, 1607, 1655, 1958, 1849, 1913, 1169, 1706, 1508, 1389, 1267, 1205, 903, 1250, 1602, 1645, 1588, 1399, 1732, 1623, 1394, 1469, 1886, 1135, 1752, 1742, 1391, 1632, 1091, 1762, 1647, 1341, 1370, 1414, 1238, 1253, 1094, 1046, 1790, 1592, 1686, 933, 1235, 1169, 1598, 1410, 1891, 1513, 1674, 1310, 1255, 1681, 912, 1857, 978, 1156, 981], "episode_rewards": [23.0, 35.0, 66.0, 60.0, 27.0, 70.0, 70.0, 34.0, 63.0, 30.0, 8.0, 72.0, 80.0, 30.0, 293.0, 25.0, 43.0, 51.0, 48.0, 31.0, 16.0, 44.0, 45.0, 20.0, 72.0, 27.0, 59.0, 50.0, 50.0, 29.0, 21.0, 33.0, 39.0, 20.0, 90.0, 30.0, 45.0, 77.0, 44.0, 32.0, 22.0, 72.0, 49.0, 64.0, 32.0, 50.0, 92.0, 59.0, 69.0, 35.0, 46.0, 36.0, 39.0, 23.0, 26.0, 17.0, 30.0, 63.0, 55.0, 30.0, 54.0, 53.0, 55.0, 23.0, 32.0, 67.0, 11.0, 65.0, 48.0, 15.0, 54.0, 29.0, 58.0, 60.0, 29.0, 47.0, 51.0, 34.0, 39.0, 21.0, 25.0, 31.0, 47.0, 52.0, 26.0, 25.0, 23.0, 58.0, 39.0, 71.0, 62.0, 62.0, 52.0, 25.0, 63.0, 25.0, 56.0, 27.0, 27.0, 20.0], "episode_types": ["t", "t", "t", "t", "t", "t", "t", "t", "t", "t", "t", "t", "t", "t", "t", "t", "t", "t", "t", "t", "t", "t", "t", "t", "t", "t", "t", "t", "t", "t", "t", "t", "t", "t", "t", "t", "t", "t", "t", "t", "t", "t", "t", "t", "t", "t", "t", "t", "t", "t", "t", "t", "t", "t", "t", "t", "t", "t", "t", "t", "t", "t", "t", "t", "t", "t", "t", "t", "t", "t", "t", "t", "t", "t", "t", "t", "t", "t", "t", "t", "t", "t", "t", "t", "t", "t", "t", "t", "t", "t", "t", "t", "t", "t", "t", "t", "t", "t", "t", "t"]}