{"initial_reset_timestamp": 1523314252.4141598, "timestamps": [1523314253.029326, 1523314253.503038, 1523314253.8470552, 1523314254.2347782, 1523314254.882008, 1523314255.289561, 1523314255.94535, 1523314256.319596, 1523314257.421109, 1523314257.806985, 1523314258.20349, 1523314258.911245, 1523314259.423043, 1523314259.7355509, 1523314260.1639318, 1523314260.70721, 1523314261.144586, 1523314261.805173, 1523314262.243753, 1523314262.557384, 1523314263.1656818, 1523314263.579189, 1523314264.46244, 1523314265.143924, 1523314265.4689379, 1523314266.0223072, 1523314266.402206, 1523314267.058159, 1523314267.6393442, 1523314268.044126, 1523314268.355468, 1523314268.6506171, 1523314269.0932858, 1523314269.4102669, 1523314269.7148511, 1523314270.0829089, 1523314270.6451359, 1523314271.057635, 1523314271.447006, 1523314271.910472, 1523314272.2219222, 1523314272.786824, 1523314273.438711, 1523314273.8960361, 1523314274.261037, 1523314274.907627, 1523314275.468622, 1523314276.035253, 1523314276.464042, 1523314277.050297, 1523314277.613814, 1523314277.879487, 1523314278.300226, 1523314278.581772, 1523314279.076004, 1523314279.658517, 1523314279.996429, 1523314280.344752, 1523314280.939017, 1523314281.646255, 1523314282.138305, 1523314282.6260538, 1523314283.029417, 1523314283.3270211, 1523314284.028678, 1523314284.375384, 1523314284.868643, 1523314285.1930702, 1523314285.5822039, 1523314285.91219, 1523314286.4492931, 1523314286.9575949, 1523314287.253439, 1523314287.704389, 1523314288.360051, 1523314288.748447, 1523314289.352086, 1523314289.98288, 1523314290.5493891, 1523314290.967502, 1523314291.2657542, 1523314291.654392, 1523314292.057578, 1523314292.656374, 1523314293.095701, 1523314293.521327, 1523314294.016417, 1523314294.5760992, 1523314294.831006, 1523314295.139919, 1523314295.622951, 1523314296.0099132, 1523314296.444797, 1523314296.848563, 1523314297.164157, 1523314297.4810722, 1523314298.1701329, 1523314298.5015209, 1523314298.796488, 1523314299.063458], "episode_lengths": [206, 169, 165, 201, 386, 196, 426, 181, 426, 187, 215, 401, 256, 188, 177, 284, 193, 415, 270, 169, 367, 178, 399, 288, 163, 279, 175, 229, 236, 185, 219, 179, 264, 166, 162, 254, 338, 233, 212, 217, 179, 283, 305, 225, 181, 347, 290, 311, 184, 341, 278, 165, 191, 202, 259, 340, 236, 172, 370, 388, 274, 288, 233, 176, 281, 178, 290, 161, 241, 183, 274, 248, 191, 239, 379, 244, 341, 381, 308, 240, 174, 208, 286, 293, 251, 236, 333, 297, 175, 183, 219, 240, 235, 251, 177, 184, 417, 185, 177, 175], "episode_rewards": [1.0, 0.0, 0.0, 1.0, 4.0, 0.0, 4.0, 0.0, 4.0, 0.0, 1.0, 4.0, 1.0, 0.0, 0.0, 2.0, 0.0, 5.0, 2.0, 0.0, 3.0, 0.0, 4.0, 2.0, 0.0, 2.0, 0.0, 1.0, 1.0, 0.0, 1.0, 0.0, 2.0, 0.0, 0.0, 1.0, 3.0, 1.0, 1.0, 1.0, 0.0, 2.0, 2.0, 1.0, 0.0, 4.0, 2.0, 3.0, 0.0, 3.0, 2.0, 0.0, 0.0, 1.0, 2.0, 2.0, 1.0, 0.0, 3.0, 5.0, 2.0, 2.0, 1.0, 0.0, 2.0, 0.0, 2.0, 0.0, 1.0, 0.0, 2.0, 2.0, 0.0, 1.0, 4.0, 1.0, 3.0, 3.0, 2.0, 1.0, 0.0, 0.0, 2.0, 2.0, 1.0, 1.0, 3.0, 2.0, 0.0, 0.0, 1.0, 1.0, 1.0, 1.0, 0.0, 0.0, 4.0, 0.0, 0.0, 0.0], "episode_types": ["t", "t", "t", "t", "t", "t", "t", "t", "t", "t", "t", "t", "t", "t", "t", "t", "t", "t", "t", "t", "t", "t", "t", "t", "t", "t", "t", "t", "t", "t", "t", "t", "t", "t", "t", "t", "t", "t", "t", "t", "t", "t", "t", "t", "t", "t", "t", "t", "t", "t", "t", "t", "t", "t", "t", "t", "t", "t", "t", "t", "t", "t", "t", "t", "t", "t", "t", "t", "t", "t", "t", "t", "t", "t", "t", "t", "t", "t", "t", "t", "t", "t", "t", "t", "t", "t", "t", "t", "t", "t", "t", "t", "t", "t", "t", "t", "t", "t", "t", "t"]}