{"episode_rewards": [87.0, 385.0, 199.0, 60.0, 349.0, 271.0, 63.0, 202.0, 259.0, 70.0, 408.0, 55.0, 82.0, 303.0, 317.0, 318.0, 203.0, 387.0, 457.0, 402.0, 385.0, 65.0, 366.0, 458.0, 344.0, 483.0, 257.0, 371.0, 384.0, 74.0, 222.0, 381.0, 320.0, 236.0, 363.0, 73.0, 251.0, 242.0, 456.0, 202.0, 75.0, 67.0, 254.0, 387.0, 83.0, 248.0, 294.0, 65.0, 74.0, 407.0, 379.0, 238.0, 142.0, 238.0, 434.0, 211.0, 150.0, 453.0, 71.0, 470.0, 225.0, 227.0, 72.0, 267.0, 157.0, 370.0, 335.0, 355.0, 279.0, 61.0, 214.0, 363.0, 203.0, 325.0, 243.0, 183.0, 396.0, 182.0, 225.0, 77.0, 85.0, 367.0], "initial_reset_timestamp": 1524469044.0248563, "episode_types": ["t", "t", "t", "t", "t", "t", "t", "t", "t", "t", "t", "t", "t", "t", "t", "t", "t", "t", "t", "t", "t", "t", "t", "t", "t", "t", "t", "t", "t", "t", "t", "t", "t", "t", "t", "t", "t", "t", "t", "t", "t", "t", "t", "t", "t", "t", "t", "t", "t", "t", "t", "t", "t", "t", "t", "t", "t", "t", "t", "t", "t", "t", "t", "t", "t", "t", "t", "t", "t", "t", "t", "t", "t", "t", "t", "t", "t", "t", "t", "t", "t", "t", "t"], "episode_lengths": [98, 530, 220, 64, 514, 3962, 67, 231, 778, 74, 497, 59, 92, 359, 569, 374, 219, 760, 628, 786, 460, 71, 432, 2165, 426, 708, 342, 438, 486, 78, 341, 406, 731, 3930, 434, 77, 364, 285, 533, 218, 88, 71, 3891, 552, 87, 3964, 557, 69, 78, 485, 576, 253, 182, 268, 3963, 266, 185, 842, 75, 559, 386, 270, 76, 357, 185, 442, 480, 381, 402, 65, 3891, 492, 234, 446, 284, 205, 512, 233, 242, 83, 89, 464], "timestamps": [1524469048.6531749, 1524469071.1886656, 1524469084.9877775, 1524469093.8023748, 1524469117.6753855, 1524469202.977386, 1524469213.024047, 1524469226.9911246, 1524469252.7823272, 1524469262.07418, 1524469286.4908988, 1524469295.396129, 1524469305.1863828, 1524469324.9447136, 1524469349.1065025, 1524469367.779484, 1524469381.3618705, 1524469411.9293113, 1524469436.1632102, 1524469462.8170333, 1524469483.4840224, 1524469492.5720706, 1524469516.9071274, 1524469570.9332726, 1524469590.5284748, 1524469616.9744031, 1524469634.5413194, 1524469655.3340871, 1524469676.2185078, 1524469685.8299985, 1524469701.8670995, 1524469721.6867316, 1524469748.85103, 1524469828.3749666, 1524469848.1180878, 1524469858.584736, 1524469875.2796054, 1524469890.3141236, 1524469914.4818625, 1524469928.0996857, 1524469937.593964, 1524469946.7027326, 1524470027.8649998, 1524470052.6613615, 1524470063.3192546, 1524470149.2032804, 1524470169.60774, 1524470178.5721965, 1524470187.8100095, 1524470211.8553083, 1524470234.1365907, 1524470242.8377337, 1524470254.8111176, 1524470273.1293852, 1524470362.824553, 1524470377.3032746, 1524470389.6082523, 1524470420.0232327, 1524470429.0744526, 1524470451.9746506, 1524470469.361356, 1524470484.4455047, 1524470493.6844094, 1524470510.6123705, 1524470523.6382718, 1524470545.2673886, 1524470565.6066155, 1524470584.692894, 1524470602.845372, 1524470611.7588077, 1524470688.9497197, 1524470709.4900818, 1524470733.2230778, 1524470761.5359116, 1524470787.2640698, 1524470807.8866544, 1524470839.0731905, 1524470855.9041383, 1524470873.7200425, 1524470884.1286404, 1524470895.175266, 1524470922.09354]}