{"initial_reset_timestamp": 1524370383.318047, "timestamps": [1524370397.33936, 1524370411.4062169, 1524370428.778934, 1524370450.226381, 1524370470.423811, 1524370493.710519, 1524370514.45365, 1524370534.90804, 1524370559.927488, 1524370577.8428102, 1524370598.208002, 1524370619.1975832, 1524370641.719278, 1524370661.22688, 1524370679.331143, 1524370697.932724, 1524370718.809081, 1524370738.541122, 1524370758.759866, 1524370779.8495948, 1524370800.245269, 1524370820.792821, 1524370841.4798431, 1524370862.764429, 1524370885.059967, 1524370905.262092, 1524370927.188469, 1524370953.4960582, 1524370975.626505, 1524370998.08913, 1524371018.55819, 1524371038.243959, 1524371057.7613912, 1524371082.674459, 1524371103.632561, 1524371125.578636, 1524371146.5045729, 1524371167.553484, 1524371193.79088, 1524371217.425521, 1524371238.1812322, 1524371267.818332, 1524371289.468714, 1524371310.014061, 1524371332.787054, 1524371354.155357, 1524371376.525378, 1524371399.737083, 1524371421.794431, 1524371442.426353, 1524371462.5163221, 1524371483.0629492, 1524371502.316752, 1524371524.456218, 1524371545.316659, 1524371566.2961879, 1524371587.925455, 1524371609.767383, 1524371631.978687, 1524371652.543699, 1524371672.552445, 1524371691.2748008, 1524371711.3299992, 1524371730.008529, 1524371753.126464, 1524371775.5131829, 1524371795.173476, 1524371812.69594, 1524371830.385448, 1524371860.243341, 1524371884.1200771, 1524371903.577402, 1524371924.9735382, 1524371945.0425751, 1524371965.005035, 1524371983.933333, 1524372008.127092, 1524372027.232634, 1524372046.6647449, 1524372064.515143, 1524372081.8152142, 1524372098.734613, 1524372116.167697, 1524372131.6633222, 1524372148.1274939, 1524372164.035115, 1524372179.06722, 1524372195.025028, 1524372212.9491022, 1524372230.719599, 1524372247.191089, 1524372263.204727, 1524372278.708769, 1524372295.57478, 1524372310.557566, 1524372326.6497989, 1524372344.550377, 1524372359.571192, 1524372377.119125, 1524372393.748839], "episode_lengths": [1590, 1627, 1666, 1753, 1677, 1850, 1741, 1672, 1769, 1605, 1787, 1717, 1937, 1750, 1644, 1584, 1759, 1580, 1658, 1742, 1618, 1697, 1715, 1731, 1772, 1619, 1721, 1781, 1724, 1855, 1708, 1647, 1616, 2063, 1666, 1640, 1636, 1816, 2053, 1990, 1721, 2077, 1582, 1660, 1771, 1644, 1700, 1835, 1789, 1739, 1635, 1669, 1631, 1786, 1767, 1624, 1734, 1764, 1865, 1778, 1760, 1698, 1815, 1688, 1742, 1844, 1772, 1587, 1591, 2258, 1860, 1719, 1872, 1730, 1720, 1610, 1910, 1725, 1779, 1733, 1730, 1798, 1798, 1621, 1744, 1659, 1608, 1694, 1841, 1733, 1717, 1780, 1753, 1809, 1580, 1680, 1868, 1661, 1992, 1855], "episode_rewards": [21.0, 21.0, 20.0, 19.0, 21.0, 18.0, 20.0, 21.0, 20.0, 21.0, 19.0, 20.0, 19.0, 20.0, 20.0, 21.0, 20.0, 21.0, 20.0, 19.0, 21.0, 20.0, 19.0, 21.0, 20.0, 21.0, 20.0, 20.0, 21.0, 18.0, 20.0, 21.0, 21.0, 18.0, 20.0, 20.0, 20.0, 19.0, 16.0, 18.0, 20.0, 19.0, 21.0, 20.0, 19.0, 20.0, 20.0, 20.0, 17.0, 21.0, 20.0, 21.0, 20.0, 18.0, 18.0, 21.0, 20.0, 20.0, 20.0, 19.0, 19.0, 21.0, 19.0, 20.0, 20.0, 18.0, 19.0, 21.0, 21.0, 17.0, 19.0, 21.0, 20.0, 19.0, 20.0, 21.0, 20.0, 19.0, 19.0, 19.0, 20.0, 19.0, 20.0, 21.0, 20.0, 20.0, 21.0, 19.0, 20.0, 19.0, 21.0, 19.0, 21.0, 21.0, 21.0, 21.0, 18.0, 20.0, 17.0, 21.0], "episode_types": ["t", "t", "t", "t", "t", "t", "t", "t", "t", "t", "t", "t", "t", "t", "t", "t", "t", "t", "t", "t", "t", "t", "t", "t", "t", "t", "t", "t", "t", "t", "t", "t", "t", "t", "t", "t", "t", "t", "t", "t", "t", "t", "t", "t", "t", "t", "t", "t", "t", "t", "t", "t", "t", "t", "t", "t", "t", "t", "t", "t", "t", "t", "t", "t", "t", "t", "t", "t", "t", "t", "t", "t", "t", "t", "t", "t", "t", "t", "t", "t", "t", "t", "t", "t", "t", "t", "t", "t", "t", "t", "t", "t", "t", "t", "t", "t", "t", "t", "t", "t"]}