{"initial_reset_timestamp": 1523724037.309351, "timestamps": [1523724076.9855099, 1523724117.018938, 1523724142.085993, 1523724167.2015061, 1523724187.9041312, 1523724210.145507, 1523724233.891691, 1523724258.620681, 1523724288.438004, 1523724311.3932061, 1523724336.4322891, 1523724360.7934778, 1523724385.5760021, 1523724405.68313, 1523724430.483008, 1523724455.560758, 1523724478.112517, 1523724498.1547499, 1523724523.0377831, 1523724547.55626, 1523724571.2766771, 1523724596.107038, 1523724621.815149, 1523724643.2643158, 1523724668.056988, 1523724694.815234, 1523724722.196765, 1523724753.902288, 1523724777.385538, 1523724809.609306, 1523724835.082073, 1523724863.650248, 1523724893.2363799, 1523724928.494247, 1523724959.0530791, 1523724986.9561899, 1523725015.863501, 1523725045.8505611, 1523725073.578123, 1523725104.590071, 1523725129.65619, 1523725159.005016, 1523725183.203409, 1523725208.7093592, 1523725235.942602, 1523725269.5757198, 1523725299.2314398, 1523725332.2330172, 1523725366.62049, 1523725394.427638, 1523725419.499454, 1523725445.136412, 1523725470.614954, 1523725487.782103, 1523725509.349393, 1523725506.0774841, 1523725526.795101, 1523725547.1147158, 1523725567.455022, 1523725587.921867, 1523725608.730677, 1523725629.374502, 1523725651.359487, 1523725672.26948, 1523725693.4963388, 1523725711.010768, 1523725726.8794281, 1523725742.8007019, 1523725758.882933, 1523725773.5273201, 1523725789.51298, 1523725804.011344, 1523725816.866268, 1523725832.339691, 1523725845.620787, 1523725861.349817, 1523725877.161804, 1523725892.8824918, 1523725905.577843, 1523725918.282589, 1523725934.048668, 1523725949.765391, 1523725961.6360252, 1523725973.773209, 1523725984.4508002, 1523725993.37973, 1523726003.98387, 1523726014.3485188, 1523726024.0476422, 1523726034.46313, 1523726044.904278, 1523726054.048486, 1523726064.6704588, 1523726074.0210838, 1523726085.139879, 1523726093.4790761, 1523726104.00049, 1523726114.716226, 1523726124.163197, 1523726134.79557], "episode_lengths": [2268, 2263, 2204, 2283, 1818, 1976, 2109, 2265, 2287, 2292, 2266, 2267, 2268, 1869, 2266, 2263, 2037, 1820, 2266, 2234, 2173, 2264, 2274, 1975, 2269, 2266, 2268, 2177, 1909, 2255, 1908, 1830, 1889, 2262, 2270, 2267, 2174, 2265, 2266, 2268, 1836, 2267, 2111, 2263, 2291, 2272, 2238, 2161, 2271, 1885, 2199, 2267, 2268, 1829, 1905, 2050, 2274, 2269, 2268, 2267, 2268, 2263, 2283, 2289, 1879, 1928, 2122, 2273, 2268, 2095, 2268, 2089, 1828, 2269, 1901, 2263, 2268, 2269, 1815, 1815, 2267, 2276, 1811, 2292, 2292, 1912, 2289, 2245, 2117, 2268, 2267, 1999, 2291, 2023, 2265, 1825, 2293, 2293, 2006, 2288], "episode_rewards": [142.0, 141.0, 135.0, 145.0, 113.0, 122.0, 127.0, 143.0, 141.0, 143.0, 134.0, 145.0, 140.0, 110.0, 132.0, 142.0, 121.0, 105.0, 134.0, 134.0, 130.0, 136.0, 139.0, 118.0, 140.0, 143.0, 141.0, 136.0, 114.0, 136.0, 113.0, 108.0, 114.0, 141.0, 149.0, 145.0, 136.0, 136.0, 145.0, 144.0, 112.0, 142.0, 124.0, 144.0, 145.0, 139.0, 140.0, 129.0, 139.0, 113.0, 126.0, 145.0, 144.0, 107.0, 110.0, 120.0, 140.0, 142.0, 140.0, 141.0, 144.0, 136.0, 136.0, 144.0, 107.0, 120.0, 130.0, 140.0, 140.0, 131.0, 135.0, 123.0, 111.0, 143.0, 118.0, 148.0, 143.0, 137.0, 112.0, 107.0, 148.0, 139.0, 110.0, 144.0, 142.0, 116.0, 137.0, 141.0, 133.0, 138.0, 141.0, 116.0, 136.0, 116.0, 140.0, 108.0, 151.0, 143.0, 126.0, 139.0], "episode_types": ["t", "t", "t", "t", "t", "t", "t", "t", "t", "t", "t", "t", "t", "t", "t", "t", "t", "t", "t", "t", "t", "t", "t", "t", "t", "t", "t", "t", "t", "t", "t", "t", "t", "t", "t", "t", "t", "t", "t", "t", "t", "t", "t", "t", "t", "t", "t", "t", "t", "t", "t", "t", "t", "t", "t", "t", "t", "t", "t", "t", "t", "t", "t", "t", "t", "t", "t", "t", "t", "t", "t", "t", "t", "t", "t", "t", "t", "t", "t", "t", "t", "t", "t", "t", "t", "t", "t", "t", "t", "t", "t", "t", "t", "t", "t", "t", "t", "t", "t", "t"]}