{"initial_reset_timestamp": 1524370345.3143091, "timestamps": [1524370351.917173, 1524370355.809626, 1524370361.843293, 1524370376.57432, 1524370391.088653, 1524370420.092105, 1524370445.638479, 1524370469.588044, 1524370508.827379, 1524370535.7099462, 1524370561.162493, 1524370599.715594, 1524370623.775511, 1524370649.036051, 1524370675.646404, 1524370692.7908611, 1524370748.415444, 1524370766.751717, 1524370798.4248629, 1524370818.389475, 1524370847.1645179, 1524370886.646104, 1524370920.8682728, 1524370953.320684, 1524370986.6883998, 1524371021.770656, 1524371048.012722, 1524371079.608696, 1524371107.580066, 1524371141.488655, 1524371166.570488, 1524371184.5350358, 1524371214.37715, 1524371238.3194098, 1524371269.715931, 1524371295.0644841, 1524371328.149076, 1524371385.5679638, 1524371414.1572769, 1524371438.0281339, 1524371467.538881, 1524371507.572712, 1524371535.973702, 1524371567.871016, 1524371596.567331, 1524371618.3700259, 1524371646.366524, 1524371661.2562401, 1524371680.186177, 1524371707.7431118, 1524371734.684553, 1524371754.662317, 1524371777.0785909, 1524371792.772236, 1524371829.863791, 1524371875.779146, 1524371905.501672, 1524371926.279619, 1524371941.920775, 1524371972.196876, 1524371999.043984, 1524372021.735141, 1524372040.953078, 1524372060.462006, 1524372096.793302, 1524372136.6023722, 1524372169.994786, 1524372193.582388, 1524372214.22635, 1524372234.727477, 1524372254.689261, 1524372273.549484, 1524372303.433007, 1524372325.94843, 1524372343.1219041, 1524372361.626923, 1524372377.413364, 1524372396.172738, 1524372406.5793998, 1524372420.4819598, 1524372434.102186, 1524372467.103711, 1524372482.056583, 1524372500.841862, 1524372517.903, 1524372532.082305, 1524372545.6849952, 1524372566.027499, 1524372580.8221052, 1524372600.033552, 1524372610.436566, 1524372627.422923, 1524372646.9480052, 1524372658.9806778, 1524372671.778243, 1524372684.627043, 1524372700.234452, 1524372713.7220402, 1524372726.423743, 1524372745.2436101], "episode_lengths": [1658, 1062, 1941, 3109, 2164, 3602, 2098, 1927, 2606, 2142, 2091, 3332, 1907, 2182, 2338, 1427, 4492, 1456, 2533, 1568, 2294, 3125, 2680, 2594, 2566, 2866, 2145, 2142, 2127, 2547, 2057, 1359, 2413, 1933, 2136, 1850, 2548, 4367, 2189, 1951, 2372, 3227, 2217, 2537, 2199, 1732, 2330, 1266, 1636, 2426, 2367, 1776, 1994, 1376, 3298, 3384, 2531, 1767, 1301, 2526, 2122, 1814, 1761, 1839, 3042, 4112, 3468, 2447, 2078, 1962, 2055, 2081, 3133, 2328, 1752, 1986, 1731, 2109, 1369, 1896, 1788, 4303, 1913, 2461, 2382, 1900, 1923, 2801, 2026, 2824, 1532, 2514, 2905, 1752, 1910, 1905, 2324, 1996, 1867, 2769], "episode_rewards": [59.0, 42.0, 74.0, 100.0, 88.0, 111.0, 93.0, 91.0, 94.0, 93.0, 89.0, 97.0, 85.0, 99.0, 96.0, 51.0, 179.0, 75.0, 91.0, 60.0, 96.0, 101.0, 95.0, 102.0, 96.0, 90.0, 92.0, 86.0, 100.0, 100.0, 96.0, 34.0, 94.0, 66.0, 92.0, 69.0, 83.0, 97.0, 73.0, 87.0, 99.0, 89.0, 90.0, 97.0, 94.0, 55.0, 98.0, 48.0, 89.0, 96.0, 96.0, 86.0, 91.0, 71.0, 97.0, 96.0, 92.0, 84.0, 44.0, 98.0, 71.0, 83.0, 93.0, 77.0, 94.0, 100.0, 101.0, 89.0, 91.0, 79.0, 84.0, 80.0, 98.0, 91.0, 79.0, 76.0, 88.0, 88.0, 44.0, 89.0, 85.0, 136.0, 76.0, 92.0, 89.0, 92.0, 95.0, 98.0, 90.0, 86.0, 57.0, 90.0, 101.0, 71.0, 92.0, 77.0, 97.0, 93.0, 72.0, 96.0], "episode_types": ["t", "t", "t", "t", "t", "t", "t", "t", "t", "t", "t", "t", "t", "t", "t", "t", "t", "t", "t", "t", "t", "t", "t", "t", "t", "t", "t", "t", "t", "t", "t", "t", "t", "t", "t", "t", "t", "t", "t", "t", "t", "t", "t", "t", "t", "t", "t", "t", "t", "t", "t", "t", "t", "t", "t", "t", "t", "t", "t", "t", "t", "t", "t", "t", "t", "t", "t", "t", "t", "t", "t", "t", "t", "t", "t", "t", "t", "t", "t", "t", "t", "t", "t", "t", "t", "t", "t", "t", "t", "t", "t", "t", "t", "t", "t", "t", "t", "t", "t", "t"]}