{"initial_reset_timestamp": 1524438639.1752439, "episode_rewards": [308.0, 453.0, 72.0, 245.0, 97.0, 86.0, 57.0, 207.0, 100.0, 209.0, 340.0, 82.0, 357.0, 242.0, 79.0, 67.0, 304.0, 83.0, 68.0, 190.0, 295.0, 74.0, 178.0, 180.0, 61.0, 389.0, 218.0, 88.0, 89.0, 97.0, 85.0, 225.0, 83.0, 330.0, 321.0, 79.0, 206.0, 204.0, 190.0, 249.0, 315.0, 230.0, 244.0, 87.0, 194.0, 296.0], "episode_types": ["t", "t", "t", "t", "t", "t", "t", "t", "t", "t", "t", "t", "t", "t", "t", "t", "t", "t", "t", "t", "t", "t", "t", "t", "t", "t", "t", "t", "t", "t", "t", "t", "t", "t", "t", "t", "t", "t", "t", "t", "t", "t", "t", "t", "t", "t", "t"], "episode_lengths": [450, 624, 102, 3917, 109, 99, 61, 291, 148, 313, 493, 90, 1111, 268, 88, 89, 4000, 87, 72, 208, 440, 80, 3891, 208, 66, 644, 247, 94, 99, 130, 89, 307, 99, 521, 3930, 82, 222, 222, 3998, 3964, 443, 317, 330, 122, 4000, 424], "timestamps": [1524438654.1330805, 1524438752.8808005, 1524438775.8834846, 1524439311.6184907, 1524439337.851801, 1524439369.3361776, 1524439391.2663348, 1524439467.0001018, 1524439501.3190217, 1524439577.667877, 1524439691.126142, 1524439721.9009652, 1524439954.2300487, 1524440020.0247257, 1524440042.1712697, 1524440065.4807916, 1524440850.491197, 1524440876.9254208, 1524440898.4750144, 1524440949.2637055, 1524441045.375744, 1524441068.7904916, 1524441810.220508, 1524441857.7403293, 1524441879.3924007, 1524442018.4951825, 1524442076.338557, 1524442100.6065078, 1524442126.854927, 1524442158.0937903, 1524442181.61504, 1524442250.3597474, 1524442278.0104988, 1524442387.7970424, 1524443120.9524097, 1524443146.0167863, 1524443198.0329013, 1524443248.7955308, 1524443980.5648987, 1524444739.7190263, 1524444833.1917472, 1524444899.8825438, 1524444976.7886248, 1524445006.8064318, 1524445753.4770908, 1524445806.4034762]}