{"initial_reset_timestamp": 1534711627.429174, "timestamps": [1534711628.390225, 1534711629.065305, 1534711629.705458, 1534711630.858127, 1534711632.081053, 1534711632.6222641, 1534711632.965397, 1534711633.5716422, 1534711635.019073, 1534711635.558244, 1534711636.075377, 1534711636.598094, 1534711637.143234, 1534711637.663439, 1534711638.1826088, 1534711638.721708, 1534711639.242442, 1534711639.764489, 1534711640.884324, 1534711642.127428, 1534711643.2849762, 1534711643.8652081, 1534711645.145227, 1534711645.740642, 1534711647.400678, 1534711648.253498, 1534711649.531769, 1534711650.911173, 1534711651.500441, 1534711652.076281, 1534711652.651673, 1534711653.2930748, 1534711655.3164952, 1534711657.249538, 1534711658.5966249, 1534711660.352389, 1534711661.9272509, 1534711664.904002, 1534711665.339523, 1534711666.00309, 1534711667.5269618, 1534711668.113579, 1534711668.555465, 1534711669.2288508, 1534711670.691247, 1534711671.3907928, 1534711673.234808, 1534711674.367599, 1534711676.006281, 1534711676.875631, 1534711677.563683, 1534711677.9821482, 1534711679.380569, 1534711679.966403, 1534711680.3130019, 1534711680.984511, 1534711681.355787, 1534711681.701549, 1534711682.2827141, 1534711682.929045, 1534711683.6184251, 1534711684.240096, 1534711684.874264, 1534711685.817649, 1534711687.017766, 1534711687.7818298, 1534711688.444489, 1534711690.106585, 1534711690.747335, 1534711691.402569, 1534711693.0033941, 1534711693.612061, 1534711695.1671739, 1534711695.8056269, 1534711696.212576, 1534711696.899515, 1534711702.856812, 1534711703.69188, 1534711705.1659122, 1534711706.67234, 1534711707.311828, 1534711709.051435, 1534711710.730984, 1534711711.438928, 1534711712.142551, 1534711712.918891, 1534711713.470916, 1534711716.251595, 1534711716.66501, 1534711717.28385, 1534711717.868973, 1534711718.431562, 1534711719.1792252, 1534711719.827886, 1534711723.015281, 1534711723.7105541, 1534711725.220076, 1534711725.8585029, 1534711727.0800672, 1534711727.848282], "episode_lengths": [47, 46, 55, 105, 113, 46, 29, 40, 109, 46, 46, 46, 49, 46, 46, 48, 46, 46, 104, 112, 108, 46, 107, 46, 133, 63, 98, 91, 45, 46, 46, 45, 132, 134, 105, 109, 108, 201, 29, 46, 108, 39, 29, 46, 107, 50, 116, 75, 115, 59, 46, 31, 109, 46, 27, 55, 28, 27, 46, 49, 55, 46, 46, 57, 64, 46, 46, 110, 46, 47, 120, 44, 116, 46, 29, 50, 459, 62, 115, 113, 46, 111, 112, 46, 46, 46, 28, 193, 29, 46, 46, 44, 49, 46, 232, 45, 112, 46, 92, 57], "episode_rewards": [386.0, 387.0, 482.0, 1153.0, 1164.0, 386.0, 168.0, 371.0, 1154.0, 386.0, 386.0, 386.0, 394.0, 386.0, 386.0, 381.0, 386.0, 374.0, 955.0, 1212.0, 1164.0, 388.0, 1163.0, 389.0, 1283.0, 469.0, 956.0, 952.0, 378.0, 386.0, 384.0, 378.0, 1353.0, 1285.0, 959.0, 1164.0, 1166.0, 1751.0, 170.0, 385.0, 1162.0, 363.0, 175.0, 383.0, 1155.0, 394.0, 1159.0, 687.0, 1157.0, 444.0, 386.0, 171.0, 1159.0, 388.0, 172.0, 475.0, 173.0, 170.0, 386.0, 394.0, 477.0, 386.0, 391.0, 476.0, 477.0, 383.0, 386.0, 1166.0, 386.0, 400.0, 1215.0, 389.0, 1153.0, 386.0, 175.0, 375.0, 2039.0, 483.0, 1165.0, 1151.0, 392.0, 1148.0, 1214.0, 386.0, 388.0, 386.0, 171.0, 1866.0, 175.0, 384.0, 386.0, 392.0, 390.0, 391.0, 1919.0, 378.0, 1210.0, 386.0, 968.0, 466.0], "episode_types": ["t", "t", "t", "t", "t", "t", "t", "t", "t", "t", "t", "t", "t", "t", "t", "t", "t", "t", "t", "t", "t", "t", "t", "t", "t", "t", "t", "t", "t", "t", "t", "t", "t", "t", "t", "t", "t", "t", "t", "t", "t", "t", "t", "t", "t", "t", "t", "t", "t", "t", "t", "t", "t", "t", "t", "t", "t", "t", "t", "t", "t", "t", "t", "t", "t", "t", "t", "t", "t", "t", "t", "t", "t", "t", "t", "t", "t", "t", "t", "t", "t", "t", "t", "t", "t", "t", "t", "t", "t", "t", "t", "t", "t", "t", "t", "t", "t", "t", "t", "t"]}