{"initial_reset_timestamp": 1523638648.705805, "timestamps": [1523638667.766813, 1523638689.1437, 1523638711.163979, 1523638731.600317, 1523638754.629833, 1523638774.2011771, 1523638795.957161, 1523638823.179727, 1523638851.257052, 1523638875.735775, 1523638897.951062, 1523638923.4540439, 1523638951.8673542, 1523638979.996709, 1523639007.4822621, 1523639048.605545, 1523639075.437591, 1523639106.0047019, 1523639124.421298, 1523639150.717591, 1523639172.821393, 1523639191.166521, 1523639209.480055, 1523639227.6012878, 1523639248.3213792, 1523639269.394874, 1523639295.979257, 1523639315.868512, 1523639335.1571462, 1523639349.913635, 1523639363.417207, 1523639376.453897, 1523639387.953252, 1523639402.037684, 1523639412.7150452, 1523639424.099818, 1523639444.8556402, 1523639459.8650649, 1523639473.214398, 1523639483.848253, 1523639499.235455, 1523639520.921651, 1523639532.5547678, 1523639545.438039, 1523639560.701715, 1523639573.270088, 1523639587.4520268, 1523639602.2559848, 1523639620.6305878, 1523639634.1782882, 1523639646.70113, 1523639660.470273, 1523639673.559938, 1523639685.97853, 1523639699.669301, 1523639715.8090072, 1523639727.8720791, 1523639741.881082, 1523639753.1487858, 1523639764.316649, 1523639781.710161, 1523639792.281763, 1523639803.121749, 1523639813.77696, 1523639825.659699, 1523639839.905994, 1523639854.05828, 1523639866.141922, 1523639873.759579, 1523639883.4114492, 1523639895.4847329, 1523639902.6132202, 1523639909.554264, 1523639919.2565062, 1523639930.4343412, 1523639942.030041, 1523639953.364898, 1523639960.326093, 1523639968.564959, 1523639978.4125571, 1523639992.011157, 1523639998.568249, 1523640008.841915, 1523640018.802953, 1523640026.12869, 1523640034.4992461, 1523640043.650934, 1523640052.155919, 1523640059.663738, 1523640068.6166139, 1523640077.6073222, 1523640085.104064, 1523640093.2823381, 1523640102.017629, 1523640109.730596, 1523640119.7687712, 1523640130.528024, 1523640139.744354, 1523640147.80064, 1523640158.7134259], "episode_lengths": [3197, 3791, 3057, 2988, 3309, 2866, 2913, 3409, 2966, 3032, 2909, 3105, 3447, 3521, 3428, 4480, 3041, 3300, 2846, 4040, 3395, 2818, 2794, 2812, 3210, 3242, 4135, 2592, 3237, 3504, 3173, 3064, 2772, 3383, 2506, 2693, 4954, 3601, 3172, 2528, 3539, 5209, 2753, 2997, 3623, 3007, 3379, 3581, 4223, 3222, 3006, 3153, 3103, 2939, 3267, 3704, 2872, 3392, 2721, 2679, 4223, 2622, 2729, 2642, 2404, 3515, 3546, 3240, 2916, 3660, 4624, 2707, 2632, 3693, 4274, 4434, 4300, 2638, 3078, 3762, 5192, 2506, 3914, 3793, 2786, 3179, 3525, 3223, 2865, 3401, 3426, 2825, 3121, 3324, 2927, 3817, 4099, 3493, 2845, 3877], "episode_rewards": [14.0, 11.0, 11.0, 16.0, 13.0, 16.0, 15.0, 14.0, 16.0, 13.0, 17.0, 16.0, 11.0, 10.0, 11.0, 6.0, 16.0, 15.0, 16.0, 6.0, 14.0, 15.0, 16.0, 18.0, 13.0, 14.0, 10.0, 18.0, 13.0, 11.0, 14.0, 10.0, 16.0, 13.0, 19.0, 19.0, 3.0, 11.0, 14.0, 18.0, 10.0, -6.0, 17.0, 13.0, 8.0, 15.0, 12.0, 14.0, 8.0, 11.0, 17.0, 14.0, 15.0, 15.0, 17.0, 13.0, 18.0, 14.0, 16.0, 16.0, 4.0, 19.0, 15.0, 20.0, 19.0, 9.0, 12.0, 13.0, 16.0, 7.0, 7.0, 18.0, 20.0, 10.0, 10.0, 8.0, 7.0, 16.0, 16.0, 11.0, 1.0, 18.0, 11.0, 10.0, 18.0, 12.0, 10.0, 14.0, 14.0, 15.0, 15.0, 17.0, 13.0, 12.0, 13.0, 13.0, 4.0, 13.0, 13.0, 15.0], "episode_types": ["t", "t", "t", "t", "t", "t", "t", "t", "t", "t", "t", "t", "t", "t", "t", "t", "t", "t", "t", "t", "t", "t", "t", "t", "t", "t", "t", "t", "t", "t", "t", "t", "t", "t", "t", "t", "t", "t", "t", "t", "t", "t", "t", "t", "t", "t", "t", "t", "t", "t", "t", "t", "t", "t", "t", "t", "t", "t", "t", "t", "t", "t", "t", "t", "t", "t", "t", "t", "t", "t", "t", "t", "t", "t", "t", "t", "t", "t", "t", "t", "t", "t", "t", "t", "t", "t", "t", "t", "t", "t", "t", "t", "t", "t", "t", "t", "t", "t", "t", "t"]}