{"initial_reset_timestamp": 1523799245.1564229, "timestamps": [1523799254.209718, 1523799264.683421, 1523799271.510922, 1523799277.142635, 1523799286.353169, 1523799294.0856252, 1523799301.403318, 1523799307.766803, 1523799317.2491689, 1523799326.265821, 1523799334.52512, 1523799342.0574121, 1523799351.2831402, 1523799358.069335, 1523799366.0518022, 1523799380.234383, 1523799388.790324, 1523799395.538591, 1523799406.12959, 1523799413.524291, 1523799422.933738, 1523799433.802623, 1523799444.662046, 1523799452.467215, 1523799462.388501, 1523799467.1040971, 1523799472.5999901, 1523799484.885943, 1523799492.562015, 1523799500.4939048, 1523799508.8125088, 1523799517.1516118, 1523799525.785909, 1523799534.684373, 1523799543.392086, 1523799552.770414, 1523799559.470576, 1523799565.621727, 1523799575.089181, 1523799582.8902369, 1523799591.820075, 1523799601.071361, 1523799610.10071, 1523799620.330251, 1523799631.9164538, 1523799641.261653, 1523799651.758512, 1523799659.6334112, 1523799666.8346748, 1523799673.3870752, 1523799683.154978, 1523799693.265595, 1523799701.946435, 1523799707.418164, 1523799714.6666188, 1523799723.443389, 1523799733.406322, 1523799742.21945, 1523799749.90945, 1523799756.418661, 1523799763.7500339, 1523799770.833942, 1523799779.066004, 1523799790.8931851, 1523799801.6777542, 1523799810.1032069, 1523799817.805708, 1523799827.47129, 1523799839.062451, 1523799848.8079948, 1523799858.0482209, 1523799866.249058, 1523799875.716856, 1523799884.626656, 1523799897.266609, 1523799905.156118, 1523799915.8978481, 1523799924.4838731, 1523799931.995352, 1523799938.020968, 1523799946.7027981, 1523799952.267822, 1523799962.740237, 1523799970.1584818, 1523799979.615822, 1523799988.4834418, 1523799994.334849, 1523800002.16207, 1523800009.557906, 1523800016.7609532, 1523800024.910933, 1523800031.722166, 1523800038.796084, 1523800049.190346, 1523800057.043296, 1523800066.923816, 1523800075.493761, 1523800080.153934, 1523800083.781205, 1523800087.3029141], "episode_lengths": [1516, 1845, 1470, 1282, 2082, 1691, 1533, 1351, 1775, 2013, 1861, 1681, 2081, 1536, 1789, 3170, 1939, 1503, 2391, 1668, 2140, 2422, 2444, 1725, 2140, 1071, 1273, 2408, 1763, 1839, 1978, 1939, 1929, 1987, 1940, 2097, 1487, 1397, 2010, 1746, 2024, 2081, 1987, 2175, 2522, 2088, 2351, 1771, 1630, 1490, 2255, 2364, 2015, 1273, 1709, 2073, 2150, 2008, 1723, 1482, 1646, 1536, 1829, 2655, 2055, 1884, 1728, 2150, 2662, 2183, 2075, 1871, 2139, 2006, 2716, 1693, 2432, 1962, 1672, 1291, 1961, 1261, 2355, 1707, 2128, 1995, 1326, 1729, 1662, 1645, 1823, 1530, 1612, 2322, 1769, 2223, 2152, 1561, 1216, 1177], "episode_rewards": [67.0, 91.0, 42.0, 74.0, 68.0, 96.0, 50.0, 78.0, 82.0, 77.0, 61.0, 63.0, 75.0, 48.0, 90.0, 99.0, 84.0, 57.0, 83.0, 84.0, 87.0, 94.0, 92.0, 59.0, 88.0, 66.0, 47.0, 95.0, 80.0, 84.0, 85.0, 73.0, 88.0, 90.0, 78.0, 83.0, 45.0, 34.0, 82.0, 48.0, 90.0, 86.0, 83.0, 77.0, 98.0, 80.0, 88.0, 67.0, 45.0, 71.0, 95.0, 86.0, 74.0, 30.0, 62.0, 88.0, 78.0, 95.0, 77.0, 50.0, 84.0, 90.0, 84.0, 89.0, 65.0, 89.0, 82.0, 83.0, 100.0, 87.0, 88.0, 91.0, 94.0, 98.0, 94.0, 65.0, 92.0, 82.0, 59.0, 63.0, 75.0, 76.0, 92.0, 72.0, 82.0, 67.0, 34.0, 89.0, 83.0, 71.0, 78.0, 83.0, 46.0, 61.0, 68.0, 82.0, 76.0, 84.0, 38.0, 69.0], "episode_types": ["t", "t", "t", "t", "t", "t", "t", "t", "t", "t", "t", "t", "t", "t", "t", "t", "t", "t", "t", "t", "t", "t", "t", "t", "t", "t", "t", "t", "t", "t", "t", "t", "t", "t", "t", "t", "t", "t", "t", "t", "t", "t", "t", "t", "t", "t", "t", "t", "t", "t", "t", "t", "t", "t", "t", "t", "t", "t", "t", "t", "t", "t", "t", "t", "t", "t", "t", "t", "t", "t", "t", "t", "t", "t", "t", "t", "t", "t", "t", "t", "t", "t", "t", "t", "t", "t", "t", "t", "t", "t", "t", "t", "t", "t", "t", "t", "t", "t", "t", "t"]}