{"episode_rewards": [21.0, 21.0, 17.0, 20.0, 19.0, 19.0, 21.0, 20.0, 20.0, 18.0, 18.0, 19.0, 20.0, 21.0, 19.0, 20.0, 20.0, 16.0, 17.0, 21.0, 21.0, 20.0, 16.0, 20.0, 19.0, 19.0, 21.0, 21.0, 19.0, 20.0, 21.0, 19.0, 20.0, 21.0, 18.0, 20.0, 20.0, 18.0, 21.0, 17.0, 20.0, 21.0, 20.0, 19.0, 21.0, 20.0, 17.0, 18.0, 20.0, 21.0, 20.0, 16.0, 18.0, 19.0, 21.0, 20.0, 20.0, 18.0, 19.0, 16.0, 17.0, 21.0, 21.0, 21.0, 19.0, 20.0, 17.0, 20.0, 21.0, 20.0, 21.0, 20.0, 19.0, 20.0, 21.0, 21.0, 19.0, 21.0, 18.0, 21.0, 19.0, 20.0, 18.0, 20.0, 14.0, 19.0, 21.0, 19.0, 19.0, 18.0, 21.0, 21.0, 20.0, 20.0, 19.0, 19.0, 21.0, 21.0, 17.0, 18.0], "initial_reset_timestamp": 1523364329.471295, "timestamps": [1523364334.947114, 1523364340.0114903, 1523364344.9161153, 1523364349.2730024, 1523364353.6742895, 1523364358.1654398, 1523364362.2532058, 1523364366.4763916, 1523364371.6006553, 1523364376.632996, 1523364381.2462096, 1523364385.963559, 1523364390.6180234, 1523364394.7890756, 1523364399.3841836, 1523364403.5778344, 1523364407.9418163, 1523364412.8933246, 1523364418.0743935, 1523364422.1054306, 1523364426.1389, 1523364430.4252264, 1523364435.075608, 1523364439.3755543, 1523364443.9827204, 1523364448.3519044, 1523364452.494138, 1523364457.0880692, 1523364461.576357, 1523364466.6147716, 1523364470.7674084, 1523364475.6850874, 1523364480.127502, 1523364484.4588068, 1523364489.1603744, 1523364493.3801203, 1523364497.5641098, 1523364502.3238227, 1523364506.38791, 1523364511.0091074, 1523364515.246541, 1523364519.477319, 1523364524.2597365, 1523364528.8625534, 1523364533.2210155, 1523364537.97236, 1523364542.8105094, 1523364547.3730757, 1523364551.5852773, 1523364555.6450384, 1523364560.1423166, 1523364565.175993, 1523364570.3396258, 1523364574.860541, 1523364579.5124135, 1523364583.9142528, 1523364588.1464913, 1523364593.6700299, 1523364599.2382042, 1523364604.24744, 1523364609.4354122, 1523364613.440017, 1523364618.1932945, 1523364623.0866911, 1523364628.251316, 1523364632.7177682, 1523364637.450043, 1523364642.1706889, 1523364646.2436297, 1523364650.5498264, 1523364654.8459513, 1523364659.3952713, 1523364664.2057881, 1523364668.8939552, 1523364673.3001187, 1523364677.3025913, 1523364681.9763367, 1523364686.0008636, 1523364690.7449594, 1523364694.75125, 1523364699.4057984, 1523364703.5694642, 1523364708.6829462, 1523364712.9585166, 1523364718.2886448, 1523364722.8493636, 1523364727.0300052, 1523364731.4590545, 1523364736.8224332, 1523364741.4295208, 1523364746.0184748, 1523364750.0516922, 1523364754.447333, 1523364758.9217072, 1523364763.2459342, 1523364767.934634, 1523364772.5274022, 1523364776.6246755, 1523364781.1685596, 1523364786.5681424], "episode_types": ["t", "t", "t", "t", "t", "t", "t", "t", "t", "t", "t", "t", "t", "t", "t", "t", "t", "t", "t", "t", "t", "t", "t", "t", "t", "t", "t", "t", "t", "t", "t", "t", "t", "t", "t", "t", "t", "t", "t", "t", "t", "t", "t", "t", "t", "t", "t", "t", "t", "t", "t", "t", "t", "t", "t", "t", "t", "t", "t", "t", "t", "t", "t", "t", "t", "t", "t", "t", "t", "t", "t", "t", "t", "t", "t", "t", "t", "t", "t", "t", "t", "t", "t", "t", "t", "t", "t", "t", "t", "t", "t", "t", "t", "t", "t", "t", "t", "t", "t", "t"], "episode_lengths": [1638, 1748, 1848, 1660, 1741, 1778, 1609, 1679, 1787, 1997, 1836, 1878, 1814, 1660, 1825, 1675, 1691, 1931, 2053, 1603, 1603, 1715, 1853, 1720, 1838, 1738, 1662, 1638, 1775, 1764, 1663, 1959, 1769, 1722, 1856, 1690, 1661, 1890, 1605, 1843, 1675, 1659, 1904, 1716, 1605, 1662, 1954, 1828, 1683, 1627, 1777, 1997, 1889, 1756, 1699, 1744, 1698, 2202, 1855, 1990, 1920, 1605, 1605, 1663, 1750, 1724, 1875, 1657, 1627, 1721, 1627, 1683, 1806, 1810, 1718, 1606, 1845, 1627, 1897, 1605, 1866, 1660, 1895, 1695, 2085, 1714, 1682, 1772, 1852, 1845, 1639, 1605, 1752, 1789, 1714, 1870, 1634, 1625, 1813, 2044]}