{"initial_reset_timestamp": 1524699384.114317, "timestamps": [1524699396.727953, 1524699404.297357, 1524699412.373833, 1524699426.142977, 1524699442.2884989, 1524699460.680485, 1524699480.371082, 1524699499.512825, 1524699531.502196, 1524699555.033869, 1524699600.5850089, 1524699622.482742, 1524699647.823946, 1524699683.056437, 1524699716.945143, 1524699771.246094, 1524699806.519734, 1524699840.335235, 1524699850.737202, 1524699871.801622, 1524699903.652003, 1524699936.1125388, 1524699953.469387, 1524699991.2466292, 1524700044.847719, 1524700079.946935, 1524700118.9584398, 1524700150.644825, 1524700172.123389, 1524700193.955999, 1524700215.950708, 1524700237.781627, 1524700272.9480581, 1524700289.413496, 1524700340.1718552, 1524700372.2561102, 1524700406.6334012, 1524700434.719581, 1524700473.964192, 1524700508.959989, 1524700519.89755, 1524700546.27204, 1524700575.634264, 1524700597.16272, 1524700630.812932, 1524700657.118978, 1524700677.606028, 1524700710.444014, 1524700733.3101408, 1524700758.511373, 1524700778.061718, 1524700808.515486, 1524700839.469902, 1524700867.659144, 1524700883.7874649, 1524700905.191711, 1524700923.6697652, 1524700946.110875, 1524700961.605336, 1524700983.653394, 1524701009.6886091, 1524701035.5256069, 1524701068.3405309, 1524701093.9569511, 1524701128.623581, 1524701160.065645, 1524701194.093657, 1524701215.667723, 1524701237.229332, 1524701266.157381, 1524701295.115755, 1524701326.8630211, 1524701346.545717, 1524701391.360893, 1524701428.6703591, 1524701470.248211, 1524701514.972128, 1524701545.543104, 1524701565.640939, 1524701591.009312, 1524701607.1975691, 1524701632.404421, 1524701647.618641, 1524701671.1070652, 1524701693.206325, 1524701706.561588, 1524701729.855579, 1524701748.145283, 1524701771.692147, 1524701789.882617, 1524701816.141964, 1524701839.664299, 1524701851.71999, 1524701871.096608, 1524701884.134994, 1524701907.0365639, 1524701919.034147, 1524701954.674814, 1524701973.3750012, 1524702009.997046], "episode_lengths": [3637, 2016, 1680, 2255, 1969, 1747, 1699, 1751, 2548, 2132, 4224, 1973, 1832, 2843, 2825, 4496, 2458, 2549, 822, 1701, 2551, 2541, 1402, 3062, 3941, 3122, 3145, 2204, 1623, 1589, 1683, 1689, 2754, 1332, 3630, 2237, 2486, 2052, 2808, 2503, 990, 2115, 2444, 1679, 2583, 1952, 1489, 2430, 1778, 1976, 1483, 2344, 2466, 2140, 1284, 1777, 1403, 1892, 1265, 1816, 2107, 1893, 2591, 2043, 2258, 2305, 2602, 1733, 1706, 2259, 2272, 2477, 1780, 4359, 2696, 3218, 4101, 2980, 1993, 3068, 2045, 3175, 1990, 3119, 2848, 1707, 2797, 2200, 2848, 2127, 3139, 2632, 1467, 2333, 1565, 2798, 1446, 4434, 2297, 4495], "episode_rewards": [117.0, 91.0, 95.0, 101.0, 95.0, 93.0, 68.0, 84.0, 102.0, 95.0, 133.0, 98.0, 53.0, 101.0, 98.0, 96.0, 97.0, 99.0, 44.0, 92.0, 89.0, 100.0, 83.0, 102.0, 125.0, 94.0, 100.0, 92.0, 67.0, 75.0, 56.0, 56.0, 121.0, 66.0, 103.0, 95.0, 102.0, 91.0, 102.0, 98.0, 28.0, 86.0, 89.0, 71.0, 101.0, 90.0, 59.0, 101.0, 82.0, 85.0, 40.0, 93.0, 79.0, 102.0, 37.0, 82.0, 84.0, 93.0, 34.0, 92.0, 86.0, 79.0, 101.0, 95.0, 92.0, 97.0, 102.0, 92.0, 64.0, 95.0, 98.0, 100.0, 93.0, 101.0, 119.0, 99.0, 95.0, 98.0, 91.0, 101.0, 121.0, 101.0, 79.0, 160.0, 94.0, 83.0, 101.0, 87.0, 99.0, 89.0, 101.0, 96.0, 40.0, 71.0, 59.0, 102.0, 74.0, 102.0, 90.0, 99.0], "episode_types": ["t", "t", "t", "t", "t", "t", "t", "t", "t", "t", "t", "t", "t", "t", "t", "t", "t", "t", "t", "t", "t", "t", "t", "t", "t", "t", "t", "t", "t", "t", "t", "t", "t", "t", "t", "t", "t", "t", "t", "t", "t", "t", "t", "t", "t", "t", "t", "t", "t", "t", "t", "t", "t", "t", "t", "t", "t", "t", "t", "t", "t", "t", "t", "t", "t", "t", "t", "t", "t", "t", "t", "t", "t", "t", "t", "t", "t", "t", "t", "t", "t", "t", "t", "t", "t", "t", "t", "t", "t", "t", "t", "t", "t", "t", "t", "t", "t", "t", "t", "t"]}