{"episode_rewards": [178.0, 112.0, 93.0, 127.0, 198.0, 115.0, 136.0, 141.0, 223.0, 135.0, 309.0, 174.0, 149.0, 106.0, 169.0, 100.0, 114.0, 186.0, 224.0, 166.0, 161.0, 181.0, 190.0, 125.0, 99.0, 138.0, 161.0, 187.0, 164.0, 155.0, 147.0, 89.0, 148.0, 121.0, 166.0, 140.0, 143.0, 203.0, 159.0, 150.0, 142.0, 145.0, 129.0, 187.0, 133.0, 125.0, 87.0, 244.0, 183.0, 170.0, 116.0, 171.0, 173.0, 133.0, 159.0, 123.0, 170.0, 143.0, 209.0, 151.0, 146.0, 154.0, 140.0, 181.0, 120.0, 116.0, 207.0, 125.0, 175.0, 120.0, 141.0, 177.0, 140.0, 149.0, 179.0, 221.0, 167.0, 86.0, 165.0, 170.0, 160.0, 154.0, 104.0, 197.0, 105.0, 59.0, 129.0, 169.0, 156.0, 132.0, 235.0, 108.0, 102.0, 156.0, 285.0, 113.0, 211.0, 125.0, 156.0, 148.0], "timestamps": [1523814780.6373744, 1523814785.5155952, 1523814788.3421264, 1523814792.892421, 1523814798.1630244, 1523814802.750314, 1523814807.926787, 1523814812.0424805, 1523814818.4397035, 1523814822.7866223, 1523814833.7464828, 1523814838.9638133, 1523814844.4149299, 1523814847.9894335, 1523814852.924062, 1523814858.5849044, 1523814864.0984676, 1523814871.8958097, 1523814879.0676994, 1523814885.0084655, 1523814890.7411637, 1523814897.1401668, 1523814904.1174588, 1523814908.7269225, 1523814911.9991384, 1523814919.278514, 1523814926.4479222, 1523814932.788875, 1523814937.6689186, 1523814945.6075451, 1523814950.0768123, 1523814954.0249507, 1523814959.5121632, 1523814963.9500282, 1523814969.884135, 1523814973.9660888, 1523814979.3934543, 1523814985.236876, 1523814989.974738, 1523814994.7087195, 1523814999.9076688, 1523815004.6146736, 1523815009.5094042, 1523815015.2249923, 1523815020.056124, 1523815024.1743789, 1523815027.7843597, 1523815035.301562, 1523815042.494947, 1523815048.3354585, 1523815052.2087727, 1523815057.3381274, 1523815065.216727, 1523815070.4091103, 1523815075.9535654, 1523815080.3565521, 1523815085.536608, 1523815091.1244614, 1523815097.8458924, 1523815102.563738, 1523815107.7912242, 1523815111.9405706, 1523815117.7535295, 1523815124.8362336, 1523815129.7173069, 1523815133.6565118, 1523815140.347946, 1523815144.5668488, 1523815150.4621139, 1523815154.9214592, 1523815159.9190612, 1523815166.4248488, 1523815171.020171, 1523815176.0970747, 1523815180.9176166, 1523815187.5879905, 1523815193.387272, 1523815197.0122921, 1523815202.8073351, 1523815210.054935, 1523815216.055302, 1523815221.4602392, 1523815225.932258, 1523815232.3586302, 1523815236.5607278, 1523815239.3608356, 1523815244.9437575, 1523815251.611916, 1523815256.893599, 1523815262.1607141, 1523815268.9356084, 1523815272.7375247, 1523815277.4547515, 1523815283.1260386, 1523815293.1910093, 1523815298.3198605, 1523815306.642423, 1523815312.6889775, 1523815319.4454958, 1523815324.0955286], "episode_lengths": [2663, 2160, 1442, 2148, 2485, 1964, 2307, 2021, 2824, 2163, 4073, 2642, 2767, 1865, 2442, 1844, 2177, 3063, 3005, 2567, 2638, 2632, 2660, 2307, 1534, 2514, 2729, 2796, 2479, 2730, 2161, 1924, 2311, 1957, 2780, 1884, 2573, 2728, 2331, 2366, 2417, 2314, 2376, 2824, 2336, 1774, 1676, 3498, 3112, 2839, 1872, 2363, 2934, 2206, 2561, 2095, 2584, 2504, 3257, 2121, 2482, 2083, 2512, 3041, 2160, 1888, 3310, 2115, 2877, 2205, 2337, 2617, 2237, 2561, 2322, 3046, 2863, 1694, 2718, 2743, 2523, 2717, 2110, 2561, 2040, 1453, 2212, 2811, 2285, 2018, 3090, 1896, 1946, 2450, 3808, 2218, 2472, 2278, 2568, 2005], "initial_reset_timestamp": 1523814774.178519, "episode_types": ["t", "t", "t", "t", "t", "t", "t", "t", "t", "t", "t", "t", "t", "t", "t", "t", "t", "t", "t", "t", "t", "t", "t", "t", "t", "t", "t", "t", "t", "t", "t", "t", "t", "t", "t", "t", "t", "t", "t", "t", "t", "t", "t", "t", "t", "t", "t", "t", "t", "t", "t", "t", "t", "t", "t", "t", "t", "t", "t", "t", "t", "t", "t", "t", "t", "t", "t", "t", "t", "t", "t", "t", "t", "t", "t", "t", "t", "t", "t", "t", "t", "t", "t", "t", "t", "t", "t", "t", "t", "t", "t", "t", "t", "t", "t", "t", "t", "t", "t", "t"]}