{"episode_rewards": [230.0, 260.0, 73.0, 84.0, 82.0], "episode_types": ["t", "t", "t", "t", "t"], "timestamps": [1524465582.9997091, 1524465613.2344258, 1524465623.8115058, 1524465635.7741876, 1524465645.9505932], "episode_lengths": [264, 384, 77, 88, 93], "initial_reset_timestamp": 1524465574.2742875}