{"episode_rewards": [7.0, 3.0, -10.0, -2.0, -4.0, 6.0, -8.0, 11.0, 3.0, 4.0, 1.0, 3.0, 13.0, 2.0, -4.0, 6.0, -11.0, 1.0, 9.0, 8.0, 10.0, 2.0, -1.0, 10.0, 2.0, 4.0, 10.0, 2.0, -3.0, -8.0], "episode_lengths": [5473, 6590, 6744, 6266, 6336, 5235, 5581, 4995, 6197, 5913, 7260, 6942, 5068, 6113, 6703, 5978, 5451, 7399, 6249, 6244, 5093, 5826, 6850, 5540, 6367, 6338, 5431, 7354, 6751, 4725], "episode_types": ["t", "t", "t", "t", "t", "t", "t", "t", "t", "t", "t", "t", "t", "t", "t", "t", "t", "t", "t", "t", "t", "t", "t", "t", "t", "t", "t", "t", "t", "t"], "initial_reset_timestamp": 1522967901.3366957, "timestamps": [1522967917.5484986, 1522967935.4202, 1522967952.635314, 1522967968.5204086, 1522967984.1753404, 1522967997.311949, 1522968010.7148712, 1522968022.4504154, 1522968038.8796723, 1522968053.2645483, 1522968071.7671523, 1522968089.8496387, 1522968102.289531, 1522968118.0095346, 1522968134.6737113, 1522968149.3853252, 1522968163.2909615, 1522968181.3781617, 1522968196.5792682, 1522968211.6035435, 1522968223.7865252, 1522968237.5859911, 1522968254.9543054, 1522968269.7484353, 1522968285.8995748, 1522968302.7147555, 1522968315.610701, 1522968334.9974887, 1522968351.2556865, 1522968362.382713]}