{"initial_reset_timestamp": 1524748819.023986, "episode_types": ["t", "t", "t", "t", "t", "t", "t", "t", "t", "t", "t", "t", "t", "t", "t", "t", "t", "t", "t", "t", "t", "t", "t", "t", "t", "t", "t", "t", "t", "t", "t", "t", "t", "t", "t", "t", "t", "t", "t", "t", "t", "t", "t", "t", "t", "t", "t", "t", "t", "t", "t", "t", "t", "t", "t", "t", "t", "t", "t", "t", "t", "t", "t", "t", "t", "t", "t", "t", "t", "t", "t", "t", "t", "t", "t", "t", "t", "t", "t", "t", "t", "t", "t", "t", "t", "t", "t", "t", "t", "t", "t", "t", "t", "t", "t", "t", "t", "t", "t", "t"], "episode_rewards": [161.0, 104.0, 257.0, 262.0, 97.0, -65.0, 265.0, 242.0, 318.0, 167.0, 246.0, 263.0, 360.0, 294.0, 209.0, 289.0, 77.0, 214.0, 535.0, -115.0, 264.0, 406.0, 95.0, 144.0, 254.0, 251.0, 182.0, 258.0, 205.0, 228.0, 83.0, 367.0, 154.0, 370.0, 396.0, 372.0, 319.0, 290.0, 215.0, 280.0, 164.0, 164.0, 280.0, 263.0, 246.0, 218.0, 97.0, 227.0, 133.0, 241.0, 183.0, 91.0, 356.0, 314.0, 232.0, 153.0, 331.0, 190.0, 198.0, 80.0, 239.0, 316.0, 146.0, 106.0, -54.0, 258.0, 91.0, 89.0, 20.0, 219.0, 96.0, 270.0, 189.0, 306.0, 82.0, 329.0, 236.0, 95.0, 220.0, 88.0, 184.0, 169.0, 176.0, 225.0, 221.0, 85.0, 273.0, 236.0, 310.0, -68.0, 278.0, 385.0, 220.0, 339.0, 178.0, 312.0, 256.0, 184.0, 230.0, 490.0], "episode_lengths": [433, 132, 374, 652, 139, 2200, 355, 532, 502, 269, 374, 370, 593, 594, 368, 442, 135, 305, 928, 2113, 488, 624, 160, 220, 377, 397, 322, 399, 298, 308, 139, 593, 464, 691, 759, 586, 438, 649, 294, 630, 276, 253, 477, 437, 360, 285, 142, 310, 532, 450, 245, 128, 517, 420, 410, 277, 508, 303, 314, 140, 382, 578, 334, 131, 2099, 407, 147, 145, 2096, 278, 137, 419, 362, 562, 130, 430, 396, 137, 302, 137, 293, 262, 261, 374, 327, 116, 374, 437, 456, 2096, 375, 632, 366, 476, 239, 661, 439, 356, 328, 950], "timestamps": [1524748829.1690063, 1524748832.1513538, 1524748840.2986536, 1524748854.4945476, 1524748857.553086, 1524748905.6699698, 1524748913.4143832, 1524748924.9272132, 1524748935.9748688, 1524748941.8561642, 1524748949.9827702, 1524748958.0412462, 1524748970.9447892, 1524748983.844986, 1524748991.846594, 1524749001.4804823, 1524749004.41793, 1524749011.0354831, 1524749031.327793, 1524749077.762458, 1524749088.3583105, 1524749101.93742, 1524749105.4212039, 1524749110.2399862, 1524749118.446347, 1524749127.1130347, 1524749134.1008193, 1524749142.8955407, 1524749149.369681, 1524749156.123808, 1524749159.1410358, 1524749172.036252, 1524749182.0693758, 1524749197.0956335, 1524749213.623226, 1524749226.4015915, 1524749235.9301515, 1524749250.0094419, 1524749256.4117658, 1524749270.0470161, 1524749276.0515432, 1524749281.6059594, 1524749291.9608243, 1524749301.5012453, 1524749309.3753633, 1524749315.5845306, 1524749318.6778562, 1524749325.4435296, 1524749337.0833936, 1524749346.9624107, 1524749352.284141, 1524749355.0781288, 1524749366.3185155, 1524749375.4743066, 1524749384.4116776, 1524749390.4421902, 1524749401.513284, 1524749408.1139784, 1524749414.9457939, 1524749417.9989867, 1524749426.3374045, 1524749438.8811128, 1524749446.1295269, 1524749448.987603, 1524749495.199421, 1524749504.0695846, 1524749507.277076, 1524749510.4304292, 1524749556.5764675, 1524749562.6398728, 1524749565.6235712, 1524749574.7627494, 1524749582.6233683, 1524749594.9222927, 1524749597.748994, 1524749607.1699805, 1524749615.7457864, 1524749618.768971, 1524749625.3279157, 1524749628.3142288, 1524749634.6774044, 1524749640.3925583, 1524749646.0820591, 1524749654.2117496, 1524749661.3119488, 1524749663.890592, 1524749672.0302775, 1524749681.5490055, 1524749691.5455706, 1524749737.109971, 1524749745.316643, 1524749759.0994532, 1524749767.0553863, 1524749777.4486601, 1524749782.6628618, 1524749797.097779, 1524749806.629269, 1524749814.3668866, 1524749821.531339, 1524749842.3307095]}