{"initial_reset_timestamp": 1523464258.6485739, "timestamps": [1523464262.106542, 1523464266.4338381, 1523464268.983615, 1523464273.0244899, 1523464275.136672, 1523464277.803166, 1523464280.4317398, 1523464282.548982, 1523464285.23271, 1523464287.439643, 1523464289.703226, 1523464291.852246, 1523464295.007526, 1523464299.057206, 1523464301.924149, 1523464305.706827, 1523464307.443661, 1523464309.477047, 1523464311.85208, 1523464315.506289, 1523464317.52931, 1523464321.36943, 1523464323.753042, 1523464327.683727, 1523464330.705581, 1523464332.2050061, 1523464336.01212, 1523464342.883322, 1523464345.381845, 1523464349.172436, 1523464352.632738, 1523464355.7864819, 1523464358.037913, 1523464359.514795, 1523464361.790289, 1523464365.055294, 1523464368.500684, 1523464372.0405152, 1523464374.003288, 1523464377.873295, 1523464380.2789671, 1523464382.627769, 1523464385.721099, 1523464388.404292, 1523464392.358926, 1523464395.713593, 1523464397.220052, 1523464398.894363, 1523464403.7154381, 1523464406.120846, 1523464409.122145, 1523464412.138933, 1523464415.247021, 1523464417.565618, 1523464421.358898, 1523464424.4794471, 1523464427.494731, 1523464431.2468338, 1523464434.290126, 1523464436.4812832, 1523464439.223959, 1523464441.946455, 1523464444.219275, 1523464447.475518, 1523464451.0345979, 1523464453.3267572, 1523464456.237356, 1523464460.4524212, 1523464463.156919, 1523464467.13888, 1523464470.351746, 1523464473.28978, 1523464477.190537, 1523464479.907647, 1523464483.3060522, 1523464487.45386, 1523464489.804728, 1523464491.6799371, 1523464493.1911209, 1523464495.469576, 1523464498.2010791, 1523464501.236074, 1523464503.179602, 1523464505.202107, 1523464507.194705, 1523464509.3188632, 1523464513.743073, 1523464515.467832, 1523464518.33934, 1523464520.678689, 1523464523.6349068, 1523464527.319273, 1523464529.684675, 1523464532.969565, 1523464536.613487, 1523464538.688291, 1523464541.6631339, 1523464545.047057, 1523464547.22645, 1523464550.3226209], "episode_lengths": [960, 1282, 852, 1520, 774, 901, 930, 767, 742, 812, 819, 775, 1149, 1439, 1070, 1326, 622, 729, 824, 1265, 716, 1380, 847, 1432, 1080, 533, 1397, 1989, 874, 1395, 1247, 1160, 820, 513, 831, 1124, 1258, 1282, 671, 1390, 867, 860, 1074, 945, 1361, 1073, 498, 543, 1704, 837, 1102, 1107, 1124, 832, 1367, 1144, 1099, 1367, 1122, 740, 1001, 1002, 835, 1182, 1012, 824, 1048, 1542, 980, 1448, 1167, 1055, 1442, 960, 1228, 1499, 854, 680, 547, 845, 1001, 1126, 711, 729, 712, 745, 1611, 612, 1026, 837, 1072, 1329, 867, 1184, 1348, 724, 1062, 1239, 798, 1129], "episode_rewards": [435.0, 580.0, 360.0, 680.0, 335.0, 390.0, 610.0, 325.0, 380.0, 410.0, 345.0, 415.0, 540.0, 575.0, 550.0, 495.0, 235.0, 285.0, 380.0, 575.0, 315.0, 550.0, 335.0, 800.0, 440.0, 230.0, 630.0, 860.0, 360.0, 800.0, 575.0, 570.0, 390.0, 130.0, 270.0, 495.0, 770.0, 555.0, 305.0, 570.0, 365.0, 450.0, 350.0, 450.0, 510.0, 520.0, 200.0, 205.0, 850.0, 255.0, 685.0, 540.0, 800.0, 365.0, 515.0, 540.0, 570.0, 550.0, 430.0, 295.0, 435.0, 460.0, 380.0, 665.0, 420.0, 340.0, 565.0, 1000.0, 440.0, 700.0, 425.0, 290.0, 600.0, 545.0, 545.0, 575.0, 340.0, 235.0, 185.0, 350.0, 495.0, 580.0, 330.0, 215.0, 175.0, 580.0, 725.0, 295.0, 410.0, 335.0, 470.0, 600.0, 400.0, 435.0, 580.0, 360.0, 470.0, 520.0, 235.0, 515.0], "episode_types": ["t", "t", "t", "t", "t", "t", "t", "t", "t", "t", "t", "t", "t", "t", "t", "t", "t", "t", "t", "t", "t", "t", "t", "t", "t", "t", "t", "t", "t", "t", "t", "t", "t", "t", "t", "t", "t", "t", "t", "t", "t", "t", "t", "t", "t", "t", "t", "t", "t", "t", "t", "t", "t", "t", "t", "t", "t", "t", "t", "t", "t", "t", "t", "t", "t", "t", "t", "t", "t", "t", "t", "t", "t", "t", "t", "t", "t", "t", "t", "t", "t", "t", "t", "t", "t", "t", "t", "t", "t", "t", "t", "t", "t", "t", "t", "t", "t", "t", "t", "t"]}