{"initial_reset_timestamp": 1524699436.478111, "timestamps": [1524699480.7104309, 1524699519.78436, 1524699564.5319839, 1524699607.064505, 1524699645.6381052, 1524699683.981907, 1524699723.989048, 1524699779.8415868, 1524699819.071455, 1524699867.44467, 1524699908.580843, 1524699951.426826, 1524699993.987508, 1524700054.1426299, 1524700077.008738, 1524700120.033966, 1524700164.455879, 1524700191.696909, 1524700236.604471, 1524700271.963635, 1524700300.461612, 1524700339.7347178, 1524700373.000903, 1524700434.9375849, 1524700492.725624, 1524700541.5506282, 1524700583.664274, 1524700624.081404, 1524700674.0710452, 1524700724.1159549, 1524700778.318948, 1524700833.836873, 1524700885.150097, 1524700933.3968132, 1524700965.940855, 1524701003.733923, 1524701050.2062101, 1524701090.9333959, 1524701149.2785542, 1524701198.938375, 1524701239.136072, 1524701282.7127638, 1524701330.254863, 1524701364.6823401, 1524701398.480489, 1524701448.341279, 1524701501.8161879, 1524701539.5168378, 1524701575.643135, 1524701605.015599, 1524701631.967764, 1524701652.0682921, 1524701679.853773, 1524701715.541897, 1524701738.347049, 1524701774.7436428, 1524701801.887241, 1524701834.441223, 1524701859.9746199, 1524701888.923879, 1524701924.7841501, 1524701962.2355509, 1524701999.381342, 1524702021.1413739, 1524702042.080999, 1524702063.782469, 1524702086.037555, 1524702104.300235, 1524702118.877963, 1524702136.3608372, 1524702151.645885, 1524702176.525109, 1524702197.144823, 1524702217.137217, 1524702233.960512, 1524702251.486542, 1524702279.863935, 1524702295.711193, 1524702324.667885, 1524702340.626092, 1524702361.234314, 1524702388.389858, 1524702408.163643, 1524702431.34686, 1524702444.288775, 1524702459.636755, 1524702479.252867, 1524702494.453755, 1524702510.6135008, 1524702527.120836, 1524702548.8242822, 1524702571.4534342, 1524702585.049678, 1524702605.834661, 1524702621.813673, 1524702637.8981152, 1524702650.73104, 1524702666.503535, 1524702682.022709, 1524702697.26985], "episode_lengths": [3612, 3102, 4067, 3916, 3091, 3016, 3388, 4497, 2325, 3756, 3238, 3380, 3402, 4493, 2060, 3463, 3612, 2045, 3482, 2752, 2330, 2625, 2293, 4493, 4081, 3912, 3513, 2568, 3768, 3698, 4224, 4387, 3908, 3917, 2688, 3119, 3758, 3190, 4498, 3626, 3169, 3387, 3712, 3230, 3239, 3827, 4492, 3648, 3618, 3677, 3381, 2613, 3624, 4495, 2747, 4299, 3245, 3660, 3082, 3521, 4275, 4496, 4496, 3169, 3022, 3726, 3900, 3045, 2549, 3074, 2724, 4421, 3528, 3563, 2973, 2949, 4494, 2682, 4435, 2728, 3381, 4405, 3391, 4026, 2233, 2691, 3128, 2438, 2581, 2777, 3651, 3815, 2502, 4359, 3337, 3358, 2787, 3445, 3358, 3326], "episode_rewards": [350.0, 334.0, 447.0, 444.0, 319.0, 319.0, 333.0, 508.0, 206.0, 448.0, 340.0, 391.0, 380.0, 530.0, 160.0, 360.0, 434.0, 185.0, 388.0, 255.0, 215.0, 281.0, 242.0, 504.0, 478.0, 412.0, 386.0, 249.0, 428.0, 415.0, 467.0, 518.0, 429.0, 431.0, 271.0, 354.0, 409.0, 340.0, 524.0, 411.0, 363.0, 372.0, 400.0, 337.0, 356.0, 464.0, 516.0, 428.0, 355.0, 408.0, 381.0, 260.0, 389.0, 532.0, 283.0, 470.0, 358.0, 406.0, 335.0, 376.0, 540.0, 544.0, 489.0, 325.0, 291.0, 386.0, 419.0, 296.0, 271.0, 337.0, 293.0, 476.0, 399.0, 404.0, 318.0, 288.0, 554.0, 285.0, 462.0, 284.0, 338.0, 507.0, 388.0, 448.0, 199.0, 259.0, 309.0, 252.0, 263.0, 276.0, 433.0, 442.0, 290.0, 503.0, 375.0, 375.0, 273.0, 404.0, 370.0, 359.0], "episode_types": ["t", "t", "t", "t", "t", "t", "t", "t", "t", "t", "t", "t", "t", "t", "t", "t", "t", "t", "t", "t", "t", "t", "t", "t", "t", "t", "t", "t", "t", "t", "t", "t", "t", "t", "t", "t", "t", "t", "t", "t", "t", "t", "t", "t", "t", "t", "t", "t", "t", "t", "t", "t", "t", "t", "t", "t", "t", "t", "t", "t", "t", "t", "t", "t", "t", "t", "t", "t", "t", "t", "t", "t", "t", "t", "t", "t", "t", "t", "t", "t", "t", "t", "t", "t", "t", "t", "t", "t", "t", "t", "t", "t", "t", "t", "t", "t", "t", "t", "t", "t"]}