{"initial_reset_timestamp": 1523793038.6952891, "timestamps": [1523793074.678331, 1523793123.1894479, 1523793156.9647171, 1523793192.326277, 1523793230.0738938, 1523793262.990165, 1523793284.237296, 1523793311.883198, 1523793349.7947361, 1523793368.453936, 1523793402.9430962, 1523793432.870508, 1523793459.474844, 1523793488.339486, 1523793519.815583, 1523793556.7225769, 1523793600.210229, 1523793637.916172, 1523793668.115168, 1523793701.0297, 1523793726.0784278, 1523793763.06252, 1523793799.139494, 1523793834.5287008, 1523793864.0922391, 1523793900.343949, 1523793932.7195678, 1523793969.289092, 1523794008.617675, 1523794042.952606, 1523794080.1211798, 1523794121.626784, 1523794163.746976, 1523794195.082613, 1523794227.101795, 1523794263.00491, 1523794290.584297, 1523794310.626325, 1523794335.184478, 1523794357.470183, 1523794388.036105, 1523794411.730324, 1523794445.4199061, 1523794473.362072, 1523794496.148234, 1523794530.50983, 1523794560.698236, 1523794597.556103, 1523794626.011195, 1523794628.135651, 1523794644.826779, 1523794671.181503, 1523794689.3508549, 1523794716.35149, 1523794733.020972, 1523794754.313476, 1523794777.7705548, 1523794796.879263, 1523794817.349869, 1523794838.429606, 1523794862.34166, 1523794878.830615, 1523794893.997618, 1523794911.668885, 1523794937.4570382, 1523794951.550974, 1523794972.946704, 1523794990.1854599, 1523795008.069102, 1523795030.242732, 1523795048.923738, 1523795060.744697, 1523795072.609364, 1523795084.740747, 1523795100.265553, 1523795110.1115258, 1523795123.110178, 1523795134.595107, 1523795145.3654132, 1523795156.553424, 1523795168.7670588, 1523795181.542391, 1523795193.033731, 1523795197.401314, 1523795206.911214, 1523795219.82775, 1523795229.449447, 1523795242.103229, 1523795253.307265, 1523795264.8342159, 1523795278.151011, 1523795285.28577, 1523795298.906998, 1523795309.619978, 1523795327.396281, 1523795338.996504, 1523795350.9390562, 1523795363.8262908, 1523795375.057686, 1523795390.4038851], "episode_lengths": [2911, 3214, 2883, 2953, 3304, 2887, 1932, 2402, 2633, 1627, 3170, 2703, 2380, 2543, 2617, 2975, 2980, 2937, 1987, 2565, 1946, 2900, 2867, 2979, 2481, 3080, 2584, 2493, 3075, 2890, 3375, 3461, 3572, 2599, 2781, 2901, 2261, 2039, 2669, 2391, 2780, 2210, 3349, 2508, 2381, 2917, 2513, 3031, 2887, 2526, 1819, 2908, 2021, 3000, 1858, 2343, 2620, 2083, 2251, 2344, 3147, 2343, 2152, 2545, 3137, 2008, 3133, 2445, 2545, 3141, 3087, 2420, 2466, 2477, 3351, 2143, 2810, 2498, 2329, 2431, 2627, 2754, 2487, 949, 2048, 2684, 2087, 2730, 2441, 2468, 2910, 1550, 2960, 2349, 3917, 2553, 2644, 2847, 2514, 3354], "episode_rewards": [200.0, 276.0, 160.0, 224.0, 290.0, 246.0, 108.0, 168.0, 203.0, 85.0, 258.0, 206.0, 129.0, 177.0, 210.0, 253.0, 240.0, 250.0, 113.0, 175.0, 119.0, 219.0, 203.0, 224.0, 191.0, 242.0, 174.0, 203.0, 256.0, 210.0, 272.0, 254.0, 299.0, 202.0, 201.0, 223.0, 143.0, 133.0, 213.0, 140.0, 218.0, 146.0, 290.0, 188.0, 173.0, 210.0, 182.0, 247.0, 234.0, 211.0, 89.0, 250.0, 106.0, 286.0, 108.0, 155.0, 212.0, 111.0, 144.0, 169.0, 265.0, 124.0, 141.0, 145.0, 230.0, 130.0, 276.0, 177.0, 180.0, 242.0, 258.0, 182.0, 148.0, 178.0, 284.0, 155.0, 155.0, 167.0, 168.0, 173.0, 199.0, 179.0, 177.0, 36.0, 161.0, 198.0, 147.0, 229.0, 153.0, 135.0, 236.0, 100.0, 248.0, 169.0, 325.0, 208.0, 141.0, 222.0, 132.0, 303.0], "episode_types": ["t", "t", "t", "t", "t", "t", "t", "t", "t", "t", "t", "t", "t", "t", "t", "t", "t", "t", "t", "t", "t", "t", "t", "t", "t", "t", "t", "t", "t", "t", "t", "t", "t", "t", "t", "t", "t", "t", "t", "t", "t", "t", "t", "t", "t", "t", "t", "t", "t", "t", "t", "t", "t", "t", "t", "t", "t", "t", "t", "t", "t", "t", "t", "t", "t", "t", "t", "t", "t", "t", "t", "t", "t", "t", "t", "t", "t", "t", "t", "t", "t", "t", "t", "t", "t", "t", "t", "t", "t", "t", "t", "t", "t", "t", "t", "t", "t", "t", "t", "t"]}