{"episode_types": ["t", "t", "t", "t", "t"], "episode_rewards": [549.0, 112.0, 433.0, 356.0], "initial_reset_timestamp": 1524438197.6790066, "timestamps": [1524438248.3694398, 1524438268.4916396, 1524438380.3558602, 1524438621.435857], "episode_lengths": [2674, 147, 566, 1775]}