{"episode_rewards": [83.0, 313.0, 295.0, 92.0, 98.0, 88.0], "initial_reset_timestamp": 1524419107.5058517, "episode_lengths": [102, 507, 476, 98, 113, 460], "episode_types": ["t", "t", "t", "t", "t", "t", "t"], "timestamps": [1524419111.8016715, 1524419136.6076043, 1524419158.9352622, 1524419169.400899, 1524419180.39567, 1524419209.9919078]}