{"initial_reset_timestamp": 1523318023.9905422, "timestamps": [1523318031.9120488, 1523318037.61125, 1523318045.037546, 1523318050.112834, 1523318056.728469, 1523318062.9496, 1523318068.771787, 1523318073.4969249, 1523318080.365324, 1523318084.580791, 1523318091.4915159, 1523318098.024411, 1523318104.513216, 1523318110.922852, 1523318118.892607, 1523318123.7505898, 1523318129.409919, 1523318136.069012, 1523318143.594444, 1523318151.557149, 1523318157.029963, 1523318162.3361092, 1523318170.023943, 1523318176.6119711, 1523318185.102304, 1523318190.066612, 1523318196.7695732, 1523318203.665944, 1523318210.265918, 1523318218.101321, 1523318225.614161, 1523318234.1799612, 1523318242.539201, 1523318250.799409, 1523318256.7965162, 1523318264.110645, 1523318269.361006, 1523318276.656559, 1523318283.154662, 1523318290.766366, 1523318296.8470888, 1523318302.386745, 1523318308.29171, 1523318313.5684988, 1523318319.4409869, 1523318324.6135418, 1523318330.527669, 1523318336.8819149, 1523318343.937042, 1523318350.738504, 1523318359.2001479, 1523318366.275053, 1523318371.182184, 1523318376.272605, 1523318379.753891, 1523318386.540956, 1523318393.256618, 1523318400.2177489, 1523318405.247193, 1523318413.3197088, 1523318419.92335, 1523318425.7176168, 1523318431.734029, 1523318436.9890041, 1523318443.353795, 1523318449.412338, 1523318454.7871869, 1523318460.32373, 1523318467.597557, 1523318471.527037, 1523318478.629453, 1523318484.626452, 1523318491.5629609, 1523318498.0167959, 1523318505.468194, 1523318512.65672, 1523318520.0871649, 1523318526.5982342, 1523318533.398995, 1523318537.589365, 1523318543.023215, 1523318547.3826401, 1523318555.1016169, 1523318562.023732, 1523318570.442304, 1523318576.8804271, 1523318583.1873212, 1523318588.948908, 1523318593.962802, 1523318599.756408, 1523318607.833626, 1523318612.937335, 1523318619.300957, 1523318626.039695, 1523318633.0091689, 1523318639.8237472, 1523318646.326138, 1523318652.317413, 1523318660.670409, 1523318666.9726999], "episode_lengths": [1343, 1110, 1591, 1097, 1428, 1349, 1258, 1019, 1324, 904, 1499, 1401, 1408, 1322, 1450, 890, 1199, 1484, 1550, 1644, 1054, 967, 1418, 1223, 1598, 992, 1386, 1081, 1147, 1410, 1342, 1511, 1523, 1553, 1228, 1481, 954, 1566, 1396, 1617, 1309, 1178, 1269, 1113, 1276, 1118, 1277, 1381, 1522, 1481, 1818, 1523, 1049, 1102, 752, 1467, 1437, 1496, 1070, 1742, 1413, 1254, 1303, 1143, 1246, 1292, 1142, 1185, 1561, 860, 1526, 1272, 1500, 1380, 1509, 1497, 1551, 1363, 1428, 881, 1135, 910, 1609, 1453, 1748, 1347, 1311, 1190, 1039, 1198, 1688, 1079, 1350, 1383, 1397, 1356, 1297, 1182, 1659, 1265], "episode_rewards": [56.0, 59.0, 70.0, 67.0, 261.0, 85.0, 46.0, 46.0, 56.0, 33.0, 59.0, 81.0, 76.0, 89.0, 62.0, 27.0, 73.0, 86.0, 43.0, 60.0, 47.0, 33.0, 79.0, 64.0, 92.0, 49.0, 102.0, 37.0, 49.0, 72.0, 60.0, 65.0, 71.0, 76.0, 60.0, 74.0, 35.0, 78.0, 51.0, 73.0, 67.0, 39.0, 54.0, 46.0, 51.0, 41.0, 54.0, 71.0, 77.0, 65.0, 86.0, 94.0, 46.0, 35.0, 28.0, 82.0, 62.0, 75.0, 53.0, 87.0, 79.0, 57.0, 68.0, 43.0, 61.0, 68.0, 70.0, 65.0, 72.0, 29.0, 71.0, 61.0, 62.0, 63.0, 97.0, 79.0, 64.0, 65.0, 77.0, 34.0, 67.0, 37.0, 77.0, 68.0, 107.0, 42.0, 83.0, 58.0, 48.0, 50.0, 97.0, 47.0, 56.0, 66.0, 62.0, 63.0, 59.0, 58.0, 70.0, 69.0], "episode_types": ["t", "t", "t", "t", "t", "t", "t", "t", "t", "t", "t", "t", "t", "t", "t", "t", "t", "t", "t", "t", "t", "t", "t", "t", "t", "t", "t", "t", "t", "t", "t", "t", "t", "t", "t", "t", "t", "t", "t", "t", "t", "t", "t", "t", "t", "t", "t", "t", "t", "t", "t", "t", "t", "t", "t", "t", "t", "t", "t", "t", "t", "t", "t", "t", "t", "t", "t", "t", "t", "t", "t", "t", "t", "t", "t", "t", "t", "t", "t", "t", "t", "t", "t", "t", "t", "t", "t", "t", "t", "t", "t", "t", "t", "t", "t", "t", "t", "t", "t", "t"]}