{"episode_types": ["t", "t", "t", "t", "t", "t", "t", "t", "t", "t", "t", "t", "t", "t", "t", "t", "t", "t", "t", "t", "t", "t", "t", "t", "t", "t", "t", "t", "t"], "timestamps": [1524417653.6164827, 1524417727.3005955, 1524417733.6888025, 1524417739.762866, 1524417764.5932934, 1524417834.9855077, 1524417849.138815, 1524417903.227702, 1524417961.805845, 1524417975.1914625, 1524418029.4483593, 1524418082.6602144, 1524418100.0041587, 1524418122.1003861, 1524418175.8574834, 1524418229.140976, 1524418281.7196078, 1524418339.1194515, 1524418349.8646686, 1524418364.512467, 1524418423.7400818, 1524418452.1590867, 1524418492.9071374, 1524418552.1836991, 1524418591.3319097, 1524418664.3544326, 1524418732.2967353, 1524418974.6268601], "episode_rewards": [271.0, 347.0, 103.0, 107.0, 463.0, 196.0, 91.0, 314.0, 316.0, 143.0, 136.0, 171.0, 73.0, 62.0, 198.0, 105.0, 206.0, 259.0, 82.0, 3.0, 237.0, 42.0, 206.0, 135.0, 74.0, 72.0, 36.0, 173.0], "episode_lengths": [341, 2105, 118, 121, 636, 3995, 576, 4002, 3931, 470, 3994, 3944, 855, 1321, 3891, 4030, 4028, 3964, 221, 603, 4007, 1741, 4030, 3998, 312, 757, 816, 4007], "initial_reset_timestamp": 1524417633.3304424}