{"initial_reset_timestamp": 1523723993.604268, "timestamps": [1523724049.913368, 1523724130.396775, 1523724184.5537899, 1523724239.239551, 1523724291.196327, 1523724343.472138, 1523724395.8284612, 1523724448.837437, 1523724512.7569652, 1523724565.382271, 1523724618.219136, 1523724671.334542, 1523724729.883824, 1523724788.098101, 1523724860.314483, 1523724936.5772212, 1523724997.648546, 1523725060.098353, 1523725124.243784, 1523725184.7240589, 1523725242.707499, 1523725312.053647, 1523725386.523178, 1523725442.493932, 1523725493.8599072, 1523725518.738258, 1523725562.2692358, 1523725614.333736, 1523725659.622786, 1523725704.7429628, 1523725740.484402, 1523725773.0933812, 1523725805.853358, 1523725838.079107, 1523725870.279288, 1523725902.901228, 1523725935.286666, 1523725965.56465, 1523725988.258411, 1523726009.892361, 1523726031.3528268, 1523726052.601483, 1523726074.030088, 1523726095.949475, 1523726117.3475, 1523726137.6586292, 1523726152.19649, 1523726166.629529, 1523726181.205695, 1523726195.6158772, 1523726210.016775, 1523726224.445868, 1523726238.825121, 1523726253.207662, 1523726267.624674, 1523726281.998222, 1523726296.6883478, 1523726311.276878, 1523726325.2735732, 1523726343.67035, 1523726360.5820968, 1523726375.201243, 1523726392.863931, 1523726411.014115, 1523726428.353256, 1523726442.598728, 1523726457.043665, 1523726471.27553, 1523726485.370678, 1523726499.6722739, 1523726513.4389918, 1523726527.026932, 1523726540.4906812, 1523726553.9828658, 1523726567.544598, 1523726581.063702, 1523726595.0917, 1523726609.283875, 1523726623.483447, 1523726637.6266701, 1523726651.81502, 1523726665.983681, 1523726680.1311748, 1523726694.346935, 1523726708.477684, 1523726722.723094, 1523726736.968426, 1523726751.156329, 1523726765.427763, 1523726779.621535, 1523726793.833056, 1523726808.139603, 1523726822.328232, 1523726836.577513, 1523726850.851701, 1523726865.6714072, 1523726879.846455, 1523726894.126869, 1523726908.482647, 1523726922.746436], "episode_lengths": [4495, 4498, 4494, 4496, 4493, 4498, 4493, 4494, 4497, 4496, 4492, 4494, 4492, 4493, 4496, 4497, 4495, 4497, 4497, 4493, 4498, 4497, 4494, 4498, 4494, 4493, 4493, 4496, 4497, 4493, 4492, 4495, 4497, 4492, 4491, 4497, 4496, 4492, 4493, 4496, 4497, 4494, 4491, 4492, 4492, 4498, 4494, 4496, 4494, 4494, 4498, 4492, 4491, 4498, 4497, 4494, 4492, 4497, 4491, 4496, 4492, 4495, 4497, 4491, 4492, 4495, 4495, 4495, 4497, 4495, 4495, 4496, 4492, 4498, 4496, 4493, 4493, 4492, 4496, 4491, 4495, 4494, 4494, 4492, 4493, 4493, 4493, 4496, 4498, 4492, 4492, 4498, 4495, 4498, 4495, 4497, 4497, 4497, 4495, 4494], "episode_rewards": [285.0, 337.0, 355.0, 373.0, 328.0, 337.0, 327.0, 299.0, 277.0, 302.0, 262.0, 368.0, 280.0, 341.0, 321.0, 304.0, 410.0, 332.0, 343.0, 339.0, 282.0, 329.0, 313.0, 348.0, 408.0, 368.0, 319.0, 305.0, 306.0, 324.0, 334.0, 327.0, 337.0, 356.0, 297.0, 354.0, 358.0, 366.0, 332.0, 297.0, 326.0, 323.0, 310.0, 301.0, 368.0, 290.0, 293.0, 306.0, 288.0, 313.0, 347.0, 300.0, 321.0, 319.0, 321.0, 351.0, 364.0, 337.0, 336.0, 369.0, 335.0, 317.0, 345.0, 350.0, 307.0, 297.0, 315.0, 339.0, 334.0, 309.0, 335.0, 348.0, 341.0, 327.0, 301.0, 329.0, 335.0, 367.0, 284.0, 342.0, 282.0, 326.0, 357.0, 374.0, 319.0, 314.0, 300.0, 306.0, 323.0, 311.0, 292.0, 360.0, 364.0, 276.0, 322.0, 322.0, 293.0, 308.0, 380.0, 428.0], "episode_types": ["t", "t", "t", "t", "t", "t", "t", "t", "t", "t", "t", "t", "t", "t", "t", "t", "t", "t", "t", "t", "t", "t", "t", "t", "t", "t", "t", "t", "t", "t", "t", "t", "t", "t", "t", "t", "t", "t", "t", "t", "t", "t", "t", "t", "t", "t", "t", "t", "t", "t", "t", "t", "t", "t", "t", "t", "t", "t", "t", "t", "t", "t", "t", "t", "t", "t", "t", "t", "t", "t", "t", "t", "t", "t", "t", "t", "t", "t", "t", "t", "t", "t", "t", "t", "t", "t", "t", "t", "t", "t", "t", "t", "t", "t", "t", "t", "t", "t", "t", "t"]}