{"episode_lengths": [1653, 1780, 1979, 1965, 2104, 1979, 1647, 1728, 1961, 1935, 1732, 2111, 1663, 1859, 1698, 1821, 1998, 1734, 1829, 1763, 1862, 1709, 1854, 1830, 1839, 1768, 1802, 1745, 2096, 1708, 1966, 1887, 1838, 1773, 1655, 1664, 1742, 1817, 1912, 1706, 1723, 1853, 1821, 2127, 1809, 1886, 1806, 1996, 1823, 1736, 1925, 1676, 1844, 2295, 1842, 1919, 1757, 1654, 2296, 1847, 1695, 1832, 1850, 1801, 1654, 1829, 1818, 1728, 1846, 1789, 1672, 1798, 1778, 1764, 1878, 1707, 2017, 2282, 1840, 2009, 1770, 1783, 1655, 1788, 2233, 1778, 1847, 1683, 1655, 1938, 1812, 1655, 2044, 1779, 1705, 1884, 1753, 1817, 1707, 2134], "timestamps": [1523331985.8162832, 1523331990.7345374, 1523331995.6911764, 1523332000.6075118, 1523332005.9804547, 1523332010.9235377, 1523332015.0966818, 1523332019.5177598, 1523332024.919509, 1523332029.771192, 1523332034.0996265, 1523332039.2286048, 1523332043.1918454, 1523332047.62893, 1523332051.6437485, 1523332056.0927086, 1523332061.1185515, 1523332065.7825997, 1523332070.5367346, 1523332075.078103, 1523332079.8539824, 1523332084.2049823, 1523332088.9240632, 1523332093.5973394, 1523332098.2688043, 1523332102.7240245, 1523332107.4667108, 1523332112.473619, 1523332117.8459942, 1523332122.2093823, 1523332127.2596405, 1523332132.0887196, 1523332136.7833633, 1523332142.1213737, 1523332147.0435874, 1523332151.3583462, 1523332155.762698, 1523332160.8941236, 1523332166.3321242, 1523332170.6813104, 1523332175.238068, 1523332179.9641495, 1523332184.6977472, 1523332190.1430569, 1523332194.7986832, 1523332199.6511576, 1523332204.263105, 1523332209.3939023, 1523332214.083408, 1523332218.5662858, 1523332223.453382, 1523332228.0998864, 1523332232.8011975, 1523332238.6671004, 1523332243.3670375, 1523332248.2914443, 1523332253.4127743, 1523332257.6410456, 1523332263.5090532, 1523332268.2350552, 1523332272.5731254, 1523332277.957243, 1523332282.681127, 1523332287.3051274, 1523332292.004342, 1523332296.9332628, 1523332302.5648618, 1523332307.0181286, 1523332311.7681446, 1523332316.653525, 1523332321.5937314, 1523332326.2119029, 1523332331.284755, 1523332336.332034, 1523332341.253418, 1523332345.7962458, 1523332352.4604158, 1523332358.2819123, 1523332362.9597986, 1523332368.0997183, 1523332373.165063, 1523332377.71021, 1523332381.970142, 1523332386.7034733, 1523332392.4736154, 1523332397.1278052, 1523332401.8793674, 1523332406.1798792, 1523332410.439333, 1523332415.4276612, 1523332420.264379, 1523332424.5973628, 1523332429.8762841, 1523332434.717732, 1523332439.5699942, 1523332444.3136342, 1523332448.7405515, 1523332453.6000056, 1523332458.0153742, 1523332463.3730688], "episode_rewards": [21.0, 20.0, 17.0, 17.0, 18.0, 18.0, 21.0, 20.0, 17.0, 19.0, 21.0, 20.0, 21.0, 17.0, 20.0, 20.0, 18.0, 20.0, 18.0, 20.0, 18.0, 21.0, 20.0, 18.0, 19.0, 20.0, 20.0, 20.0, 19.0, 21.0, 19.0, 19.0, 18.0, 19.0, 21.0, 21.0, 20.0, 20.0, 17.0, 20.0, 20.0, 19.0, 19.0, 18.0, 18.0, 19.0, 18.0, 19.0, 21.0, 20.0, 19.0, 21.0, 19.0, 18.0, 19.0, 16.0, 19.0, 21.0, 18.0, 20.0, 21.0, 19.0, 18.0, 20.0, 21.0, 20.0, 19.0, 21.0, 20.0, 20.0, 21.0, 19.0, 20.0, 20.0, 18.0, 21.0, 20.0, 18.0, 20.0, 19.0, 21.0, 20.0, 21.0, 20.0, 14.0, 19.0, 20.0, 21.0, 21.0, 20.0, 19.0, 21.0, 18.0, 19.0, 20.0, 19.0, 21.0, 19.0, 21.0, 18.0], "episode_types": ["t", "t", "t", "t", "t", "t", "t", "t", "t", "t", "t", "t", "t", "t", "t", "t", "t", "t", "t", "t", "t", "t", "t", "t", "t", "t", "t", "t", "t", "t", "t", "t", "t", "t", "t", "t", "t", "t", "t", "t", "t", "t", "t", "t", "t", "t", "t", "t", "t", "t", "t", "t", "t", "t", "t", "t", "t", "t", "t", "t", "t", "t", "t", "t", "t", "t", "t", "t", "t", "t", "t", "t", "t", "t", "t", "t", "t", "t", "t", "t", "t", "t", "t", "t", "t", "t", "t", "t", "t", "t", "t", "t", "t", "t", "t", "t", "t", "t", "t", "t"], "initial_reset_timestamp": 1523331980.0260882}