{"timestamps": [1523202708.3009791, 1523202713.3387914, 1523202718.4913876, 1523202722.8719046, 1523202727.940671, 1523202732.1427066, 1523202736.813731, 1523202741.3524609, 1523202745.987556, 1523202751.8822746, 1523202756.9772499, 1523202762.3595867, 1523202768.3588705, 1523202773.0327022, 1523202777.4133291, 1523202783.1602154, 1523202788.7754962, 1523202793.2023137, 1523202798.5956087, 1523202804.407224, 1523202809.373406, 1523202813.610392, 1523202818.1021678, 1523202824.2254274, 1523202829.3794734, 1523202834.017914, 1523202838.835135, 1523202844.6776893, 1523202849.2226434, 1523202853.7585647, 1523202859.1032019, 1523202863.5462928, 1523202868.9662602, 1523202875.2035887, 1523202880.7983582, 1523202885.3569837, 1523202890.006051, 1523202894.316506, 1523202899.3437786, 1523202903.5101864, 1523202908.027832, 1523202912.9166517, 1523202918.1035428, 1523202924.0016265, 1523202929.1683445, 1523202933.7758932, 1523202937.8873303, 1523202942.3433955, 1523202946.5400102, 1523202950.835791, 1523202955.7778723, 1523202960.002528, 1523202964.127219, 1523202969.7314804, 1523202973.9440856, 1523202978.7748165, 1523202984.5167096, 1523202989.880982, 1523202994.338748, 1523202998.5468972, 1523203002.7301228, 1523203007.690184, 1523203012.3826058, 1523203017.0524602, 1523203023.1352367, 1523203027.3338025, 1523203031.291573, 1523203036.6734958, 1523203040.5718827, 1523203045.9060006, 1523203050.2745388, 1523203056.1039064, 1523203061.5142856, 1523203066.2965798, 1523203070.7732427, 1523203076.031701, 1523203080.1136897, 1523203084.2849638, 1523203090.57824, 1523203095.245769, 1523203099.840809, 1523203104.2574162, 1523203109.6967137, 1523203114.7632568, 1523203119.0597844, 1523203123.1691566, 1523203127.8789804, 1523203133.4278297, 1523203138.236738, 1523203142.6972392, 1523203147.6610875, 1523203151.7643833, 1523203156.820737, 1523203161.6562202, 1523203166.2769623, 1523203171.2798798, 1523203175.5026915, 1523203179.6074011, 1523203183.9081357, 1523203188.2408519], "episode_rewards": [19.0, 19.0, 18.0, 21.0, 21.0, 21.0, 19.0, 19.0, 21.0, 16.0, 18.0, 17.0, 18.0, 17.0, 20.0, 17.0, 20.0, 20.0, 16.0, 15.0, 20.0, 21.0, 20.0, 16.0, 18.0, 19.0, 19.0, 18.0, 20.0, 19.0, 18.0, 18.0, 16.0, 18.0, 18.0, 20.0, 20.0, 21.0, 18.0, 20.0, 21.0, 19.0, 20.0, 18.0, 18.0, 19.0, 21.0, 19.0, 21.0, 20.0, 17.0, 21.0, 21.0, 15.0, 20.0, 18.0, 14.0, 16.0, 18.0, 19.0, 21.0, 19.0, 18.0, 18.0, 17.0, 20.0, 21.0, 16.0, 21.0, 18.0, 19.0, 16.0, 19.0, 18.0, 20.0, 18.0, 21.0, 21.0, 18.0, 19.0, 19.0, 19.0, 20.0, 20.0, 21.0, 21.0, 19.0, 17.0, 19.0, 20.0, 20.0, 21.0, 19.0, 19.0, 19.0, 18.0, 20.0, 21.0, 20.0, 20.0], "episode_types": ["t", "t", "t", "t", "t", "t", "t", "t", "t", "t", "t", "t", "t", "t", "t", "t", "t", "t", "t", "t", "t", "t", "t", "t", "t", "t", "t", "t", "t", "t", "t", "t", "t", "t", "t", "t", "t", "t", "t", "t", "t", "t", "t", "t", "t", "t", "t", "t", "t", "t", "t", "t", "t", "t", "t", "t", "t", "t", "t", "t", "t", "t", "t", "t", "t", "t", "t", "t", "t", "t", "t", "t", "t", "t", "t", "t", "t", "t", "t", "t", "t", "t", "t", "t", "t", "t", "t", "t", "t", "t", "t", "t", "t", "t", "t", "t", "t", "t", "t", "t"], "episode_lengths": [1931, 1833, 2095, 1638, 1938, 1638, 1873, 1828, 1638, 2301, 1898, 2076, 2309, 1871, 1763, 2300, 2178, 1769, 2163, 2311, 1871, 1698, 1801, 2448, 2003, 1814, 1890, 2077, 1718, 1866, 1974, 1829, 2092, 2005, 2099, 1799, 1826, 1716, 2088, 1713, 1819, 1939, 1717, 2305, 2118, 1859, 1640, 1791, 1714, 1733, 2039, 1638, 1700, 2205, 1690, 1996, 2297, 2175, 1832, 1741, 1699, 1904, 1964, 1933, 2051, 1702, 1637, 2213, 1638, 1956, 1802, 2325, 1906, 1902, 1785, 2105, 1638, 1700, 2214, 1872, 1842, 1769, 1767, 2006, 1698, 1638, 1876, 1914, 1931, 1689, 1978, 1639, 1951, 1923, 1855, 2004, 1691, 1638, 1724, 1712], "initial_reset_timestamp": 1523202701.9626849}