{"initial_reset_timestamp": 1523723921.181616, "timestamps": [1523723930.943337, 1523723939.2127502, 1523723946.740382, 1523723956.034699, 1523723963.345703, 1523723970.2303722, 1523723978.423027, 1523723986.8869498, 1523724000.813458, 1523724017.3432052, 1523724034.007188, 1523724053.879443, 1523724069.489697, 1523724093.1604412, 1523724116.318655, 1523724137.8749409, 1523724152.561271, 1523724170.3765519, 1523724184.300117, 1523724208.368983, 1523724225.947741, 1523724241.686125, 1523724263.738941, 1523724280.185178, 1523724298.978802, 1523724315.7105029, 1523724332.837068, 1523724352.7113988, 1523724365.400744, 1523724381.687176, 1523724404.372407, 1523724420.43757, 1523724436.8890738, 1523724455.319253, 1523724472.721314, 1523724489.0102851, 1523724505.283373, 1523724529.859722, 1523724550.2464378, 1523724569.24408, 1523724586.727673, 1523724608.109631, 1523724629.963166, 1523724646.438868, 1523724663.789387, 1523724688.4688551, 1523724703.8641438, 1523724726.9803112, 1523724749.849591, 1523724771.732994, 1523724792.8417358, 1523724814.926661, 1523724840.298073, 1523724871.0052009, 1523724899.56429, 1523724923.6545439, 1523724943.085309, 1523724964.013613, 1523724985.0197089, 1523725006.2359638, 1523725026.324658, 1523725046.9431732, 1523725068.5758731, 1523725086.781394, 1523725118.5899892, 1523725142.4527419, 1523725163.049902, 1523725179.139499, 1523725195.0661051, 1523725210.535852, 1523725229.061426, 1523725251.185202, 1523725273.514511, 1523725299.909638, 1523725327.563811, 1523725345.602348, 1523725369.617773, 1523725393.106588, 1523725410.396087, 1523725427.85917, 1523725451.564702, 1523725469.568612, 1523725483.9162822, 1523725497.935315, 1523725509.233823, 1523725503.226876, 1523725516.408036, 1523725531.35537, 1523725544.579225, 1523725556.5858529, 1523725569.855215, 1523725584.93437, 1523725603.3830478, 1523725615.1209862, 1523725633.034397, 1523725651.553248, 1523725667.49106, 1523725683.793591, 1523725694.9276092, 1523725710.1152909], "episode_lengths": [1489, 1483, 1269, 1929, 1513, 1454, 1693, 1749, 1829, 1881, 1551, 1417, 1013, 1512, 1641, 1877, 1329, 1585, 1207, 2131, 1531, 1420, 2019, 1492, 1920, 1512, 1543, 1490, 1195, 1486, 2098, 1458, 1504, 1650, 1563, 1468, 1457, 2249, 1864, 1723, 1595, 1946, 1991, 1505, 1571, 2121, 1273, 1842, 1872, 1805, 1702, 1387, 1847, 1951, 1826, 1527, 1285, 1668, 1685, 1560, 1495, 1545, 1795, 1297, 1988, 1613, 1781, 1397, 1382, 1344, 1587, 1619, 1403, 2076, 1668, 1393, 1419, 1560, 1482, 1521, 2099, 1590, 1490, 1305, 983, 1710, 1491, 1611, 1481, 1317, 1448, 1654, 2005, 1251, 1955, 1862, 1742, 1738, 1158, 1649], "episode_rewards": [53.0, 71.0, 53.0, 83.0, 40.0, 44.0, 60.0, 79.0, 84.0, 58.0, 55.0, 41.0, 24.0, 61.0, 63.0, 73.0, 71.0, 52.0, 62.0, 83.0, 50.0, 41.0, 79.0, 70.0, 61.0, 54.0, 48.0, 40.0, 40.0, 49.0, 76.0, 56.0, 57.0, 68.0, 54.0, 43.0, 37.0, 73.0, 60.0, 67.0, 56.0, 71.0, 74.0, 50.0, 69.0, 84.0, 42.0, 51.0, 77.0, 77.0, 55.0, 38.0, 77.0, 54.0, 53.0, 66.0, 54.0, 54.0, 59.0, 54.0, 71.0, 46.0, 56.0, 38.0, 80.0, 37.0, 68.0, 46.0, 51.0, 40.0, 64.0, 60.0, 41.0, 83.0, 48.0, 73.0, 45.0, 74.0, 65.0, 59.0, 64.0, 86.0, 39.0, 75.0, 27.0, 59.0, 53.0, 55.0, 52.0, 47.0, 48.0, 57.0, 67.0, 45.0, 65.0, 80.0, 73.0, 59.0, 32.0, 68.0], "episode_types": ["t", "t", "t", "t", "t", "t", "t", "t", "t", "t", "t", "t", "t", "t", "t", "t", "t", "t", "t", "t", "t", "t", "t", "t", "t", "t", "t", "t", "t", "t", "t", "t", "t", "t", "t", "t", "t", "t", "t", "t", "t", "t", "t", "t", "t", "t", "t", "t", "t", "t", "t", "t", "t", "t", "t", "t", "t", "t", "t", "t", "t", "t", "t", "t", "t", "t", "t", "t", "t", "t", "t", "t", "t", "t", "t", "t", "t", "t", "t", "t", "t", "t", "t", "t", "t", "t", "t", "t", "t", "t", "t", "t", "t", "t", "t", "t", "t", "t", "t", "t"]}