{"initial_reset_timestamp": 1524536753.1982071, "timestamps": [1524536754.2351012, 1524536754.5444763, 1524536754.8281167, 1524536755.1484466, 1524536755.3878417, 1524536755.5505018, 1524536755.7206473, 1524536755.8720288, 1524536756.1120503, 1524536756.324951, 1524536756.4908106, 1524536756.6517725, 1524536756.809928, 1524536756.9943135, 1524536757.2395265, 1524536757.5053291, 1524536757.9504251, 1524536758.1961253, 1524536758.3525271, 1524536758.632662, 1524536758.7967422, 1524536758.99816, 1524536759.2524767, 1524536759.419004, 1524536759.5683076, 1524536759.7332258, 1524536759.9147882, 1524536760.2990227, 1524536760.5609117, 1524536760.8061879, 1524536761.004212, 1524536761.2061186, 1524536761.461497, 1524536761.6435902, 1524536761.9133263, 1524536762.0776622, 1524536762.4383378, 1524536762.6539447, 1524536762.8059952, 1524536763.0196252, 1524536763.3699825, 1524536763.5708196, 1524536763.784322, 1524536764.0541, 1524536764.2471623, 1524536764.5662596, 1524536764.7537618, 1524536764.9132135, 1524536765.1857991, 1524536765.3540285, 1524536765.6205645, 1524536765.9537325, 1524536766.3870683, 1524536766.5738897, 1524536766.7297306, 1524536766.8840072, 1524536767.350249, 1524536767.5425837, 1524536767.729845, 1524536767.8915439, 1524536768.2093945, 1524536768.4518425, 1524536768.7263763, 1524536768.9964166, 1524536769.4473934, 1524536769.8404975, 1524536770.0901542, 1524536770.3547156, 1524536770.5687394, 1524536770.7843812, 1524536770.9675484, 1524536771.1791606, 1524536771.557981, 1524536771.8156154, 1524536772.1598587, 1524536772.3156304, 1524536772.556296, 1524536772.7685165, 1524536772.9201472, 1524536773.1241605, 1524536773.361949, 1524536773.6963077, 1524536773.859967, 1524536774.109636, 1524536774.2933052, 1524536774.4802663, 1524536774.6363082, 1524536774.787517, 1524536774.95236, 1524536775.2150347, 1524536775.5149238, 1524536775.6710317, 1524536775.8627203, 1524536776.0741377, 1524536776.3399966, 1524536776.508117, 1524536776.8037744, 1524536777.05428, 1524536777.2118728, 1524536777.3687885, 1524536777.552876, 1524536777.7091818, 1524536777.8609877, 1524536778.0178847, 1524536778.1704085, 1524536778.3292918, 1524536778.501185, 1524536778.7648468, 1524536779.1568131, 1524536779.3266633, 1524536779.5879943, 1524536779.7491577, 1524536779.9147725, 1524536780.074752, 1524536780.2644212, 1524536780.639509, 1524536780.8238559, 1524536781.16284, 1524536781.578036, 1524536781.8461854, 1524536782.0387506, 1524536782.2181797, 1524536782.4559658, 1524536782.6193345, 1524536783.0403593, 1524536783.4287937, 1524536783.6805937, 1524536783.887886, 1524536784.0450351, 1524536784.2127802, 1524536784.3710406, 1524536784.6010408, 1524536784.8679218, 1524536785.0809045, 1524536785.2465935, 1524536785.5066614, 1524536785.7138987, 1524536785.8767283, 1524536786.12404, 1524536786.50544, 1524536786.7494478, 1524536786.9861145, 1524536787.1316974, 1524536787.2894874, 1524536787.4440663, 1524536787.6572094, 1524536788.0509665, 1524536788.2561653, 1524536788.40939, 1524536788.8400292, 1524536789.0719578, 1524536789.383874, 1524536789.540434, 1524536789.7960393, 1524536790.0942955, 1524536790.256843, 1524536790.4300032, 1524536790.5877876, 1524536790.8210068, 1524536791.0320199, 1524536791.3034165, 1524536791.4669743, 1524536791.7265334, 1524536791.946781, 1524536792.0985582, 1524536792.3105264, 1524536792.5184, 1524536792.7846527, 1524536793.000082, 1524536793.350298, 1524536793.5097277, 1524536793.7477317, 1524536793.9055386, 1524536794.0874102, 1524536794.3507717, 1524536794.5162168, 1524536794.7254999, 1524536794.9958909, 1524536795.1969106, 1524536795.4267097, 1524536795.6321373, 1524536795.8225548, 1524536795.994351, 1524536796.262533, 1524536796.417586, 1524536796.5747824, 1524536796.7400846, 1524536796.8906512, 1524536797.1369905, 1524536797.2924612, 1524536797.4866529, 1524536797.6623716, 1524536797.9060385, 1524536798.0610638, 1524536798.2141328, 1524536798.409872, 1524536798.5604987, 1524536798.8283443, 1524536799.042072, 1524536799.1922488, 1524536799.3629618, 1524536799.601844, 1524536799.8352304, 1524536799.9990978, 1524536800.2172928, 1524536800.377933, 1524536800.575443, 1524536800.7282455, 1524536800.8908985, 1524536801.2749376, 1524536801.5034199, 1524536801.8030753, 1524536802.020789, 1524536802.1756296, 1524536802.329723, 1524536802.4863427, 1524536802.7500846, 1524536802.9806259, 1524536803.1337993, 1524536803.3185668, 1524536803.5133631, 1524536803.7012737, 1524536803.8781092, 1524536804.1155753, 1524536804.3800683, 1524536804.5619185, 1524536804.8353274, 1524536805.0455732, 1524536805.2432222, 1524536805.4186785, 1524536805.7107437, 1524536805.8703175, 1524536806.0254948, 1524536806.3192453, 1524536806.5502107, 1524536806.6996825, 1524536806.8841314, 1524536807.2234268, 1524536807.4288125, 1524536807.5797806, 1524536807.7472665, 1524536808.1633162, 1524536808.3528845, 1524536808.523753, 1524536808.9332092, 1524536809.1674263, 1524536809.337299, 1524536809.7712958, 1524536809.991901, 1524536810.2784111, 1524536810.446338, 1524536810.7168574, 1524536810.9061315, 1524536811.0524964, 1524536811.2103128, 1524536811.3968186, 1524536811.6668131, 1524536811.907813, 1524536812.1142588, 1524536812.3745377, 1524536812.6710913, 1524536812.9091294, 1524536813.1033888, 1524536813.264498, 1524536813.5158005, 1524536813.6639118, 1524536813.8614237, 1524536814.1402884, 1524536814.5125625, 1524536814.7787802, 1524536997.9477606, 1524536998.5721984, 1524536999.4834368, 1524537000.7800143, 1524537001.8621812, 1524537002.9214284, 1524537004.033844, 1524537004.7208693, 1524537005.4404879, 1524537006.6714997, 1524537007.2901943, 1524537008.433193, 1524537009.352847, 1524537010.5732038, 1524537011.7302616, 1524537013.0034049, 1524537013.8471248, 1524537014.4468539, 1524537015.0714326, 1524537016.4802268, 1524537018.237872, 1524537019.167448, 1524537020.0429926, 1524537021.2812755, 1524537022.01171, 1524537022.6361506, 1524537023.2819808, 1524537024.0629575, 1524537024.9579277, 1524537025.5767758, 1524537026.2263145, 1524537027.243548, 1524537028.0884814, 1524537029.7219737, 1524537030.3360133, 1524537031.0902216, 1524537031.7436395, 1524537032.4629037, 1524537033.2742093, 1524537034.3406684, 1524537035.027273, 1524537035.6004913, 1524537036.7225318, 1524537037.5501812, 1524537038.4649582, 1524537039.194393, 1524537039.9239273, 1524537042.3015277, 1524537043.988022, 1524537044.7526534, 1524537046.0153477, 1524537046.8554606, 1524537047.5861337, 1524537048.4682722, 1524537049.4254649, 1524537050.4166846, 1524537051.2518563, 1524537052.255076, 1524537053.0466168, 1524537054.1651528, 1524537054.8426335, 1524537055.6537042, 1524537056.4995754, 1524537058.2550097, 1524537058.9437976, 1524537060.381853, 1524537061.0118022, 1524537061.662223, 1524537063.0118163, 1524537064.3663907, 1524537065.6711483, 1524537066.8767316, 1524537067.9374294, 1524537069.6782248, 1524537070.5591862, 1524537071.1765542, 1524537071.8336835, 1524537072.9190502, 1524537073.793047, 1524537074.4112847, 1524537075.14079, 1524537075.7628076, 1524537076.392873, 1524537077.038284, 1524537077.8247795, 1524537078.724572, 1524537079.408352, 1524537080.0168033, 1524537080.9056919, 1524537081.7915463, 1524537082.63038, 1524537083.245975, 1524537084.5008178, 1524537085.2950654, 1524537086.6612523, 1524537087.85417, 1524537088.9846253, 1524537089.753128, 1524537091.0077918, 1524537091.8623385],