{"initial_reset_timestamp": 1523314223.668803, "timestamps": [1523314225.911577, 1523314228.0666502, 1523314229.005041, 1523314229.851198, 1523314230.6429162, 1523314231.500155, 1523314232.2099168, 1523314233.0022058, 1523314235.183826, 1523314236.008699, 1523314237.097295, 1523314238.036482, 1523314239.059168, 1523314240.492501, 1523314241.8389802, 1523314243.337604, 1523314244.421988, 1523314245.779111, 1523314247.370822, 1523314248.904761, 1523314250.270147, 1523314252.190489, 1523314254.599456, 1523314256.860662, 1523314259.03542, 1523314261.065183, 1523314262.935311, 1523314265.978525, 1523314268.095453, 1523314270.362632, 1523314272.3850272, 1523314274.7390342, 1523314277.3386471, 1523314279.215329, 1523314280.978495, 1523314282.6474729, 1523314284.699589, 1523314287.191809, 1523314288.863355, 1523314290.8056278, 1523314292.631257, 1523314294.400605, 1523314296.0627599, 1523314297.901645, 1523314299.481382, 1523314300.6776252, 1523314301.7579699, 1523314302.872978, 1523314304.059841, 1523314305.242244, 1523314306.214485, 1523314307.0357409, 1523314308.1750169, 1523314309.7280462, 1523314310.556373, 1523314311.593794, 1523314312.753417, 1523314313.9299068, 1523314314.878282, 1523314315.866091, 1523314316.938068, 1523314317.852396, 1523314318.619158, 1523314319.507937, 1523314321.240878, 1523314322.394484, 1523314323.72107, 1523314325.417448, 1523314326.311896, 1523314327.390831, 1523314328.2713459, 1523314329.204422, 1523314329.965317, 1523314330.985614, 1523314331.614472, 1523314332.34423, 1523314332.948787, 1523314333.446497, 1523314334.076709, 1523314334.5672908, 1523314335.045456, 1523314335.50831, 1523314336.126636, 1523314336.922435, 1523314337.609783, 1523314338.136389, 1523314338.7010849, 1523314339.3919559, 1523314340.080607, 1523314340.83179, 1523314341.37676, 1523314341.969532, 1523314342.65695, 1523314343.2179961, 1523314343.738265, 1523314344.286983, 1523314344.7560499, 1523314345.304044, 1523314345.8453581, 1523314346.3747299], "episode_lengths": [1242, 1262, 1251, 1348, 1109, 1310, 1254, 1211, 1458, 1016, 1167, 1261, 1341, 1219, 1186, 1185, 1176, 1138, 1072, 1100, 1216, 1367, 1411, 1359, 1295, 1184, 1225, 1285, 1110, 1514, 1303, 1276, 1481, 1258, 1210, 1013, 1222, 1511, 1092, 1218, 1103, 1134, 1048, 1297, 1102, 996, 1412, 1164, 1587, 1091, 1009, 1001, 1138, 1412, 1008, 1209, 1297, 1479, 1258, 1286, 1382, 1200, 1012, 1190, 1392, 1284, 1245, 1577, 1105, 1259, 1058, 1101, 1103, 1410, 1032, 1378, 1097, 1108, 1318, 1122, 1103, 1046, 1366, 1437, 1216, 1008, 1045, 1199, 1279, 1480, 1165, 1365, 1480, 1237, 1191, 1252, 1021, 1245, 1239, 1212], "episode_rewards": [-20.0, -21.0, -19.0, -21.0, -21.0, -20.0, -21.0, -21.0, -18.0, -21.0, -20.0, -19.0, -20.0, -21.0, -21.0, -20.0, -21.0, -21.0, -21.0, -21.0, -20.0, -20.0, -21.0, -19.0, -20.0, -20.0, -20.0, -20.0, -21.0, -19.0, -20.0, -20.0, -19.0, -19.0, -21.0, -21.0, -20.0, -19.0, -21.0, -21.0, -21.0, -21.0, -21.0, -21.0, -21.0, -21.0, -19.0, -21.0, -18.0, -21.0, -21.0, -21.0, -21.0, -20.0, -21.0, -21.0, -20.0, -19.0, -20.0, -20.0, -20.0, -20.0, -21.0, -20.0, -20.0, -20.0, -19.0, -18.0, -21.0, -20.0, -21.0, -21.0, -21.0, -19.0, -21.0, -18.0, -21.0, -21.0, -19.0, -20.0, -21.0, -21.0, -20.0, -21.0, -20.0, -21.0, -21.0, -20.0, -21.0, -18.0, -21.0, -20.0, -20.0, -20.0, -20.0, -20.0, -21.0, -20.0, -20.0, -21.0], "episode_types": ["t", "t", "t", "t", "t", "t", "t", "t", "t", "t", "t", "t", "t", "t", "t", "t", "t", "t", "t", "t", "t", "t", "t", "t", "t", "t", "t", "t", "t", "t", "t", "t", "t", "t", "t", "t", "t", "t", "t", "t", "t", "t", "t", "t", "t", "t", "t", "t", "t", "t", "t", "t", "t", "t", "t", "t", "t", "t", "t", "t", "t", "t", "t", "t", "t", "t", "t", "t", "t", "t", "t", "t", "t", "t", "t", "t", "t", "t", "t", "t", "t", "t", "t", "t", "t", "t", "t", "t", "t", "t", "t", "t", "t", "t", "t", "t", "t", "t", "t", "t"]}