{"episode_types": ["t", "t", "t", "t", "t", "t", "t", "t", "t", "t", "t", "t", "t", "t", "t", "t", "t", "t", "t", "t", "t", "t", "t", "t", "t", "t", "t", "t", "t", "t", "t", "t", "t", "t", "t", "t", "t", "t", "t", "t", "t", "t", "t", "t", "t", "t", "t", "t", "t", "t", "t", "t", "t", "t", "t", "t", "t", "t", "t", "t", "t", "t", "t", "t", "t", "t", "t", "t", "t", "t", "t", "t", "t", "t", "t", "t", "t", "t", "t", "t", "t", "t", "t", "t", "t", "t", "t", "t", "t", "t", "t", "t", "t", "t", "t", "t", "t", "t", "t", "t"], "episode_rewards": [-20.0, -20.0, -21.0, -20.0, -19.0, -20.0, -21.0, -21.0, -21.0, -21.0, -19.0, -20.0, -20.0, -21.0, -20.0, -18.0, -20.0, -21.0, -21.0, -21.0, -21.0, -19.0, -20.0, -21.0, -21.0, -19.0, -21.0, -19.0, -21.0, -19.0, -21.0, -20.0, -20.0, -21.0, -18.0, -21.0, -19.0, -21.0, -21.0, -21.0, -18.0, -21.0, -20.0, -21.0, -21.0, -21.0, -21.0, -21.0, -20.0, -20.0, -19.0, -21.0, -21.0, -20.0, -21.0, -19.0, -20.0, -20.0, -21.0, -19.0, -20.0, -20.0, -20.0, -20.0, -20.0, -20.0, -20.0, -21.0, -20.0, -20.0, -21.0, -20.0, -21.0, -21.0, -20.0, -21.0, -21.0, -20.0, -21.0, -21.0, -19.0, -21.0, -21.0, -19.0, -21.0, -21.0, -21.0, -21.0, -20.0, -21.0, -21.0, -20.0, -19.0, -20.0, -21.0, -20.0, -19.0, -21.0, -19.0, -21.0], "timestamps": [1523204717.0378509, 1523204718.4474933, 1523204719.4358532, 1523204720.7481585, 1523204722.4817657, 1523204723.917066, 1523204725.110629, 1523204726.2203467, 1523204727.739711, 1523204729.0469806, 1523204730.3621118, 1523204731.623744, 1523204732.775445, 1523204734.0693142, 1523204735.3014414, 1523204736.8074033, 1523204738.0260086, 1523204739.1313968, 1523204740.2407432, 1523204741.4093854, 1523204742.4902248, 1523204743.7480073, 1523204744.9249299, 1523204746.0008771, 1523204747.1891906, 1523204748.5303192, 1523204749.6860185, 1523204751.6144767, 1523204752.998362, 1523204754.2260451, 1523204755.3502536, 1523204756.56834, 1523204757.9233572, 1523204759.0873935, 1523204760.6209762, 1523204761.6505249, 1523204762.8973212, 1523204764.2489882, 1523204765.3762386, 1523204766.4520545, 1523204768.1799564, 1523204769.2694812, 1523204770.4383128, 1523204771.647103, 1523204772.792025, 1523204773.9261892, 1523204775.207283, 1523204776.2758286, 1523204777.5187464, 1523204778.6683621, 1523204779.8805108, 1523204781.1648297, 1523204782.2006235, 1523204783.3731418, 1523204784.4276938, 1523204785.6360648, 1523204786.745228, 1523204788.3196259, 1523204789.3775163, 1523204790.7271025, 1523204791.8830595, 1523204793.125896, 1523204794.2893956, 1523204795.4432137, 1523204796.8586602, 1523204798.130828, 1523204799.236995, 1523204800.2140203, 1523204801.631483, 1523204802.799978, 1523204804.0852392, 1523204805.253066, 1523204806.4473627, 1523204807.4694448, 1523204808.833896, 1523204809.9768243, 1523204811.0010767, 1523204812.0830934, 1523204813.1972902, 1523204814.2297587, 1523204815.4670227, 1523204816.6002085, 1523204817.6728456, 1523204818.9497159, 1523204820.1181676, 1523204821.2090964, 1523204822.1987314, 1523204823.1901708, 1523204824.2625484, 1523204825.2260108, 1523204826.3108494, 1523204827.3735058, 1523204828.7256188, 1523204829.9657288, 1523204830.9279613, 1523204832.2325583, 1523204833.5473664, 1523204834.4897473, 1523204835.8094432, 1523204836.9557054], "initial_reset_timestamp": 1523204715.0785623, "episode_lengths": [1329, 1231, 1065, 1349, 1574, 1338, 1187, 1043, 1185, 1342, 1342, 1155, 1133, 1277, 1175, 1458, 1211, 1096, 1098, 1198, 1103, 1285, 1194, 1049, 1215, 1374, 1170, 1458, 1218, 1248, 1146, 1243, 1382, 1189, 1571, 1051, 1277, 1341, 1145, 1106, 1735, 1125, 1169, 1105, 1161, 1188, 1338, 1109, 1287, 1199, 1256, 1340, 1102, 1202, 1094, 1267, 1153, 1607, 1104, 1373, 1191, 1281, 1208, 1206, 1158, 1314, 1148, 1022, 1451, 1217, 1343, 1219, 1284, 1091, 1428, 1155, 1055, 1112, 1146, 1060, 1230, 1175, 1111, 1326, 1169, 1128, 1020, 1021, 1121, 1029, 1180, 1162, 1477, 1361, 1048, 1419, 1426, 1022, 1438, 1241]}