{"episode_types": ["t", "t", "t", "t", "t", "t", "t", "t", "t", "t", "t", "t", "t", "t", "t", "t", "t", "t", "t", "t", "t", "t", "t", "t", "t", "t", "t", "t", "t", "t"], "episode_rewards": [-21.0, -20.0, -21.0, -21.0, -21.0, -21.0, -21.0, -20.0, -21.0, -21.0, -19.0, -20.0, -21.0, -21.0, -21.0, -19.0, -21.0, -18.0, -21.0, -20.0, -20.0, -20.0, -20.0, -21.0, -20.0, -19.0, -21.0, -21.0, -21.0, -21.0], "episode_lengths": [1254, 1416, 1207, 1161, 1123, 1115, 1091, 1367, 1133, 1241, 1360, 1212, 1170, 1144, 1143, 1337, 1114, 1453, 1098, 1357, 1122, 1142, 1199, 1080, 1116, 1439, 1045, 1165, 1025, 1031], "initial_reset_timestamp": 1523136074.9509716, "timestamps": [1523136077.0880704, 1523136078.9980695, 1523136080.265689, 1523136081.485864, 1523136082.8687415, 1523136084.097273, 1523136085.3049538, 1523136086.7313511, 1523136088.422079, 1523136089.7469296, 1523136091.1683178, 1523136092.4433885, 1523136093.682647, 1523136094.8997285, 1523136096.094371, 1523136097.4965546, 1523136098.6751714, 1523136100.209913, 1523136101.36504, 1523136102.7880387, 1523136103.958902, 1523136105.1536393, 1523136106.403995, 1523136107.5394835, 1523136108.702305, 1523136110.3183882, 1523136111.4975512, 1523136113.3632634, 1523136114.4608905, 1523136115.5368414]}