{"initial_reset_timestamp": 1524370366.1760619, "timestamps": [1524370398.753226, 1524370458.40239, 1524370519.491458, 1524370578.587662, 1524370637.685876, 1524370693.8798022, 1524370754.5330381, 1524370815.842912, 1524370888.2286541, 1524370950.780256, 1524371012.365488, 1524371072.1192691, 1524371136.375979, 1524371197.737588, 1524371260.749475, 1524371326.213054, 1524371390.776938, 1524371451.763904, 1524371512.251604, 1524371574.2998762, 1524371634.907726, 1524371691.3975198, 1524371746.9147341, 1524371801.415633, 1524371862.1046531, 1524371920.973265, 1524371978.837057, 1524372047.0019789, 1524372096.501906, 1524372144.46687, 1524372191.6688142, 1524372240.8647082, 1524372285.9083362, 1524372333.9165728, 1524372378.925129, 1524372417.080439, 1524372453.468576, 1524372490.1185741, 1524372524.615147, 1524372558.585817, 1524372592.269702, 1524372623.936744, 1524372655.7804632, 1524372686.996093, 1524372718.191345, 1524372748.576519, 1524372769.300236, 1524372789.8867211, 1524372811.63329, 1524372834.60615, 1524372855.804362, 1524372876.5952818, 1524372897.48607, 1524372918.135684, 1524372938.699328, 1524372959.5421178, 1524372979.527615, 1524372999.615254, 1524373019.681395, 1524373039.706347, 1524373059.881641, 1524373079.628674, 1524373093.714758, 1524373107.797806, 1524373124.89459, 1524373139.045006, 1524373153.114871, 1524373167.2580469, 1524373181.3232698, 1524373195.469047, 1524373209.5518332, 1524373223.6442728, 1524373237.6796522, 1524373251.7572129, 1524373265.9638872, 1524373280.10466, 1524373294.178863, 1524373308.2495732, 1524373322.3056462, 1524373336.93118, 1524373351.099042, 1524373365.254765, 1524373379.281204, 1524373393.3186848, 1524373407.41906, 1524373421.451285, 1524373435.5109031, 1524373449.613975, 1524373464.380935, 1524373479.105914, 1524373493.369737, 1524373507.606288, 1524373521.834573, 1524373535.973418, 1524373550.20165, 1524373564.413478, 1524373578.675767, 1524373592.8489861, 1524373607.092086, 1524373621.323571], "episode_lengths": [4495, 4494, 4493, 4493, 4492, 4496, 4495, 4491, 4492, 4494, 4496, 4491, 4497, 4494, 4496, 4491, 4494, 4492, 4498, 4491, 4492, 4495, 4496, 4495, 4498, 4493, 4493, 4496, 4498, 4493, 4495, 4491, 4492, 4492, 4495, 4495, 4496, 4496, 4492, 4495, 4492, 4492, 4496, 4495, 4493, 4493, 4496, 4498, 4495, 4496, 4494, 4493, 4496, 4494, 4492, 4494, 4495, 4498, 4491, 4497, 4497, 4493, 4493, 4495, 4494, 4493, 4498, 4497, 4496, 4491, 4497, 4494, 4495, 4495, 4493, 4493, 4494, 4492, 4498, 4494, 4498, 4496, 4495, 4494, 4493, 4497, 4498, 4492, 4492, 4493, 4495, 4496, 4494, 4497, 4493, 4494, 4491, 4496, 4493, 4497], "episode_rewards": [336.0, 361.0, 287.0, 336.0, 304.0, 372.0, 329.0, 320.0, 297.0, 315.0, 310.0, 336.0, 343.0, 299.0, 359.0, 333.0, 321.0, 331.0, 354.0, 289.0, 321.0, 343.0, 317.0, 340.0, 312.0, 308.0, 307.0, 358.0, 378.0, 293.0, 326.0, 311.0, 280.0, 332.0, 313.0, 357.0, 341.0, 341.0, 298.0, 294.0, 397.0, 344.0, 349.0, 311.0, 268.0, 312.0, 319.0, 375.0, 341.0, 299.0, 330.0, 312.0, 346.0, 333.0, 345.0, 323.0, 293.0, 310.0, 342.0, 332.0, 374.0, 369.0, 298.0, 315.0, 355.0, 306.0, 289.0, 322.0, 335.0, 286.0, 339.0, 329.0, 317.0, 350.0, 319.0, 335.0, 338.0, 293.0, 354.0, 328.0, 357.0, 319.0, 358.0, 309.0, 332.0, 359.0, 317.0, 350.0, 332.0, 331.0, 294.0, 390.0, 364.0, 265.0, 333.0, 356.0, 362.0, 350.0, 315.0, 357.0], "episode_types": ["t", "t", "t", "t", "t", "t", "t", "t", "t", "t", "t", "t", "t", "t", "t", "t", "t", "t", "t", "t", "t", "t", "t", "t", "t", "t", "t", "t", "t", "t", "t", "t", "t", "t", "t", "t", "t", "t", "t", "t", "t", "t", "t", "t", "t", "t", "t", "t", "t", "t", "t", "t", "t", "t", "t", "t", "t", "t", "t", "t", "t", "t", "t", "t", "t", "t", "t", "t", "t", "t", "t", "t", "t", "t", "t", "t", "t", "t", "t", "t", "t", "t", "t", "t", "t", "t", "t", "t", "t", "t", "t", "t", "t", "t", "t", "t", "t", "t", "t", "t"]}