{"initial_reset_timestamp": 1524624726.752361, "timestamps": [1524624894.765676], "episode_lengths": [6048], "episode_rewards": [-40.0], "episode_types": ["t", "t"]}