{"initial_reset_timestamp": 1524699419.22968, "timestamps": [1524699433.254174, 1524699452.5800939, 1524699471.928532, 1524699489.408465, 1524699508.4718678, 1524699526.146094, 1524699546.9237041, 1524699565.638647, 1524699588.5482419, 1524699606.7575161, 1524699624.876437, 1524699648.4239879, 1524699668.364171, 1524699690.6992798, 1524699710.3745332, 1524699731.054595, 1524699754.4668999, 1524699773.79124, 1524699799.693346, 1524699825.2824352, 1524699849.003519, 1524699869.601814, 1524699892.451334, 1524699915.1202822, 1524699936.626343, 1524699957.077505, 1524699978.920129, 1524700009.354922, 1524700035.741208, 1524700056.014354, 1524700076.0885491, 1524700095.985087, 1524700116.221447, 1524700137.469589, 1524700159.890337, 1524700183.651167, 1524700206.766363, 1524700230.8760262, 1524700254.833859, 1524700278.0169642, 1524700298.656368, 1524700321.832383, 1524700346.7086332, 1524700370.37518, 1524700394.6065059, 1524700417.768127, 1524700441.9338691, 1524700464.6511319, 1524700488.32526, 1524700512.704671, 1524700531.0538518, 1524700551.095558, 1524700569.841472, 1524700592.735114, 1524700613.2580202, 1524700637.612604, 1524700659.745653, 1524700682.442395, 1524700707.5086179, 1524700730.891222, 1524700751.9241102, 1524700775.490795, 1524700797.431058, 1524700819.0478568, 1524700847.1934779, 1524700867.770368, 1524700888.293739, 1524700909.043089, 1524700929.293505, 1524700953.964869, 1524700975.784569, 1524700995.694023, 1524701015.790076, 1524701038.129329, 1524701059.549228, 1524701080.602803, 1524701102.4354172, 1524701123.015163, 1524701144.3510258, 1524701167.682206, 1524701193.1507862, 1524701214.664032, 1524701236.769021, 1524701258.9779909, 1524701280.2682612, 1524701300.5322912, 1524701323.354579, 1524701341.661209, 1524701359.630197, 1524701377.354114, 1524701396.1838348, 1524701419.7867038, 1524701441.318378, 1524701462.5735838, 1524701485.143562, 1524701502.994853, 1524701519.4735072, 1524701538.0802188, 1524701554.9592052, 1524701571.6048372], "episode_lengths": [1682, 1871, 1709, 1664, 1805, 1609, 1944, 1767, 1839, 1743, 1661, 1746, 1646, 1821, 1653, 1855, 1771, 1699, 1709, 1956, 1913, 1655, 1898, 1832, 1700, 1719, 1797, 2017, 1931, 1769, 1841, 1678, 1681, 1847, 1809, 1827, 1814, 1910, 1864, 1872, 1725, 1687, 1661, 1685, 1742, 1724, 1766, 1629, 1724, 1862, 1663, 1611, 1621, 1811, 1631, 1865, 1672, 1737, 1870, 1822, 1693, 1930, 1660, 1781, 1844, 1664, 1717, 1746, 1652, 2091, 1845, 1687, 1700, 1868, 1727, 1713, 1692, 1648, 1687, 1633, 1986, 1719, 1774, 1805, 1687, 1667, 1834, 1635, 1784, 1712, 1704, 1880, 1711, 1680, 1836, 1771, 1632, 1828, 1704, 1657], "episode_rewards": [21.0, 19.0, 20.0, 21.0, 18.0, 21.0, 18.0, 20.0, 19.0, 21.0, 21.0, 19.0, 21.0, 19.0, 20.0, 19.0, 20.0, 21.0, 19.0, 20.0, 20.0, 21.0, 20.0, 20.0, 20.0, 20.0, 20.0, 18.0, 20.0, 21.0, 20.0, 20.0, 20.0, 20.0, 19.0, 19.0, 20.0, 17.0, 19.0, 19.0, 20.0, 20.0, 21.0, 20.0, 19.0, 20.0, 20.0, 21.0, 21.0, 19.0, 21.0, 21.0, 21.0, 20.0, 21.0, 19.0, 21.0, 19.0, 18.0, 20.0, 21.0, 20.0, 21.0, 19.0, 19.0, 21.0, 20.0, 20.0, 21.0, 18.0, 18.0, 20.0, 20.0, 18.0, 20.0, 21.0, 21.0, 20.0, 20.0, 21.0, 19.0, 19.0, 18.0, 18.0, 20.0, 20.0, 19.0, 21.0, 19.0, 19.0, 19.0, 20.0, 20.0, 21.0, 19.0, 19.0, 21.0, 19.0, 21.0, 20.0], "episode_types": ["t", "t", "t", "t", "t", "t", "t", "t", "t", "t", "t", "t", "t", "t", "t", "t", "t", "t", "t", "t", "t", "t", "t", "t", "t", "t", "t", "t", "t", "t", "t", "t", "t", "t", "t", "t", "t", "t", "t", "t", "t", "t", "t", "t", "t", "t", "t", "t", "t", "t", "t", "t", "t", "t", "t", "t", "t", "t", "t", "t", "t", "t", "t", "t", "t", "t", "t", "t", "t", "t", "t", "t", "t", "t", "t", "t", "t", "t", "t", "t", "t", "t", "t", "t", "t", "t", "t", "t", "t", "t", "t", "t", "t", "t", "t", "t", "t", "t", "t", "t"]}