{"initial_reset_timestamp": 1523568645.7676356, "episode_types": ["t", "t", "t", "t", "t", "t", "t", "t", "t", "t", "t", "t", "t", "t", "t", "t", "t", "t", "t", "t", "t", "t", "t", "t", "t", "t", "t", "t", "t", "t", "t", "t", "t", "t", "t", "t", "t", "t", "t", "t", "t", "t", "t", "t", "t", "t", "t", "t", "t", "t", "t", "t", "t", "t", "t", "t", "t", "t", "t", "t", "t", "t", "t", "t", "t", "t", "t", "t", "t", "t", "t", "t", "t", "t", "t", "t", "t", "t", "t", "t", "t", "t", "t", "t", "t", "t", "t", "t", "t", "t", "t", "t", "t", "t", "t", "t", "t", "t", "t", "t"], "episode_lengths": [2405, 2518, 2270, 2103, 2347, 2482, 2646, 1961, 1942, 2334, 2067, 1780, 2274, 2229, 1493, 1450, 1811, 1913, 1849, 1613, 2867, 2437, 2602, 2493, 1685, 2617, 1756, 1817, 2045, 2075, 2095, 2198, 1715, 2276, 2001, 2470, 1898, 1573, 1700, 2225, 1604, 2497, 1187, 1834, 2014, 2578, 2008, 2157, 2181, 2416, 2124, 1719, 2155, 2089, 2390, 2518, 2041, 2439, 1339, 1745, 2303, 2604, 1977, 2168, 1999, 2689, 2373, 2000, 2254, 2468, 1385, 2440, 1543, 2401, 1948, 1528, 2078, 1529, 2125, 1910, 2252, 2339, 1872, 2121, 1632, 1982, 1843, 2015, 2298, 2353, 1875, 1812, 2220, 2212, 2008, 2685, 2152, 2576, 2459, 2328], "timestamps": [1523568651.801239, 1523568658.7131267, 1523568663.2787476, 1523568667.3900113, 1523568671.9858203, 1523568676.8618488, 1523568682.2781272, 1523568686.1288335, 1523568690.6113806, 1523568695.2717288, 1523568699.3940024, 1523568702.8776844, 1523568707.3503017, 1523568711.735097, 1523568714.640603, 1523568717.4841943, 1523568721.0130508, 1523568724.7520344, 1523568728.3517137, 1523568731.5109758, 1523568737.1521595, 1523568741.9542918, 1523568747.060855, 1523568751.9817317, 1523568755.337651, 1523568762.3599758, 1523568768.3528447, 1523568772.7454774, 1523568777.2207932, 1523568781.3779619, 1523568785.5242226, 1523568789.8709168, 1523568793.2790885, 1523568797.7785194, 1523568801.7440143, 1523568806.7607334, 1523568810.503443, 1523568813.63694, 1523568816.9756906, 1523568821.3336053, 1523568824.4668658, 1523568829.375039, 1523568831.725373, 1523568835.2812965, 1523568839.348299, 1523568844.4380515, 1523568848.3854644, 1523568852.5835373, 1523568856.810504, 1523568861.5549836, 1523568865.7784357, 1523568869.203308, 1523568873.5289717, 1523568877.6256437, 1523568882.3224456, 1523568887.2552946, 1523568891.2241666, 1523568896.0416012, 1523568898.6049924, 1523568901.9718704, 1523568906.647235, 1523568911.9453788, 1523568915.818632, 1523568920.0528812, 1523568924.6564376, 1523568930.0620542, 1523568934.7199938, 1523568938.7133532, 1523568943.1588414, 1523568947.9827228, 1523568950.6967583, 1523568955.463358, 1523568958.7774112, 1523568963.469314, 1523568967.2992568, 1523568970.3376567, 1523568974.548017, 1523568977.6142907, 1523568981.7915015, 1523568985.5522497, 1523568989.9597323, 1523568994.5031545, 1523568998.140338, 1523569002.7799628, 1523569007.3474152, 1523569016.419284, 1523569023.6852224, 1523569031.5214028, 1523569039.5720992, 1523569044.2297046, 1523569047.9338446, 1523569051.4438307, 1523569055.8335295, 1523569060.2183428, 1523569064.2020395, 1523569069.4651072, 1523569073.6760573, 1523569078.5945897, 1523569083.3263733, 1523569087.7596743], "episode_rewards": [57.0, 50.0, 49.0, 54.0, 46.0, 60.0, 68.0, 38.0, 41.0, 65.0, 70.0, 31.0, 46.0, 59.0, 28.0, 28.0, 50.0, 49.0, 35.0, 33.0, 61.0, 69.0, 75.0, 67.0, 37.0, 67.0, 39.0, 32.0, 45.0, 43.0, 42.0, 57.0, 30.0, 64.0, 41.0, 60.0, 48.0, 28.0, 43.0, 51.0, 33.0, 57.0, 25.0, 40.0, 44.0, 54.0, 55.0, 47.0, 51.0, 61.0, 42.0, 33.0, 49.0, 45.0, 52.0, 60.0, 40.0, 55.0, 24.0, 57.0, 55.0, 63.0, 44.0, 46.0, 38.0, 60.0, 53.0, 45.0, 71.0, 59.0, 23.0, 55.0, 38.0, 67.0, 34.0, 25.0, 46.0, 36.0, 63.0, 34.0, 51.0, 49.0, 35.0, 57.0, 37.0, 37.0, 43.0, 48.0, 65.0, 45.0, 65.0, 30.0, 47.0, 50.0, 37.0, 53.0, 48.0, 53.0, 69.0, 48.0]}