{"initial_reset_timestamp": 1523638693.229155, "timestamps": [1523638712.695508, 1523638732.443424, 1523638745.475747, 1523638758.24656, 1523638773.8809521, 1523638786.303127, 1523638800.303162, 1523638814.722375, 1523638833.275578, 1523638845.2068942, 1523638863.879134, 1523638882.3685398, 1523638898.898054, 1523638919.7560818, 1523638939.0685928, 1523638955.74293, 1523638974.4854279, 1523638994.483872, 1523639010.114578, 1523639025.7362812, 1523639042.891231, 1523639060.777405, 1523639080.0539079, 1523639095.114787, 1523639111.625393, 1523639122.689547, 1523639137.3235571, 1523639155.945612, 1523639169.1983209, 1523639180.612573, 1523639193.839803, 1523639209.214866, 1523639224.572908, 1523639234.565683, 1523639248.3867269, 1523639263.20766, 1523639275.639647, 1523639288.209606, 1523639301.235827, 1523639316.74813, 1523639330.136048, 1523639337.898429, 1523639348.731435, 1523639356.649738, 1523639364.225805, 1523639371.786703, 1523639380.681464, 1523639389.841606, 1523639400.773325, 1523639408.6759198, 1523639414.722034, 1523639423.828417, 1523639432.1275039, 1523639441.088898, 1523639450.225013, 1523639459.882109, 1523639473.439605, 1523639482.0315719, 1523639492.894573, 1523639500.787406, 1523639509.410845, 1523639518.204098, 1523639529.559186, 1523639538.6116989, 1523639547.297819, 1523639559.2007082, 1523639568.126506, 1523639577.622195, 1523639586.8133671, 1523639596.932141, 1523639605.150982, 1523639616.002252, 1523639624.7760158, 1523639635.15908, 1523639646.3074691, 1523639656.164429, 1523639665.8431711, 1523639673.923588, 1523639682.325481, 1523639688.6156108, 1523639697.638867, 1523639706.722174, 1523639715.48192, 1523639723.178515, 1523639733.894366, 1523639742.661228, 1523639752.756164, 1523639763.365371, 1523639772.751852, 1523639777.84709, 1523639786.881804, 1523639793.404135, 1523639802.5962398, 1523639811.501272, 1523639816.9713101, 1523639826.7937229, 1523639835.722323, 1523639844.965386, 1523639854.58223, 1523639863.859664], "episode_lengths": [2128, 2411, 1809, 1852, 2293, 1718, 1723, 1776, 1952, 1501, 2282, 2391, 2129, 2523, 2354, 1988, 2314, 2470, 1886, 1856, 1727, 2031, 1943, 1624, 2110, 1686, 2221, 2429, 2022, 1750, 2021, 2365, 2329, 1511, 2120, 2255, 1905, 1913, 1981, 2340, 2053, 1691, 2552, 1865, 1777, 1762, 2119, 2227, 2602, 1839, 1465, 2130, 1986, 2125, 2177, 2305, 3229, 2045, 2438, 1882, 2061, 2138, 2712, 2155, 1743, 2796, 2144, 2238, 2181, 2403, 1988, 2432, 2101, 2477, 2687, 2284, 2226, 1955, 1964, 1494, 2139, 2097, 2005, 1781, 2633, 2077, 2468, 2574, 2273, 1226, 2217, 1625, 2263, 2190, 1309, 2267, 2179, 2299, 2389, 2291], "episode_rewards": [47.0, 60.0, 38.0, 40.0, 66.0, 45.0, 44.0, 34.0, 44.0, 40.0, 55.0, 62.0, 58.0, 82.0, 76.0, 57.0, 57.0, 55.0, 51.0, 32.0, 42.0, 47.0, 47.0, 36.0, 49.0, 32.0, 54.0, 62.0, 60.0, 33.0, 49.0, 66.0, 69.0, 29.0, 51.0, 66.0, 43.0, 47.0, 33.0, 43.0, 42.0, 38.0, 62.0, 61.0, 33.0, 39.0, 52.0, 48.0, 64.0, 39.0, 43.0, 51.0, 44.0, 52.0, 50.0, 52.0, 74.0, 48.0, 63.0, 47.0, 40.0, 52.0, 59.0, 52.0, 38.0, 78.0, 52.0, 55.0, 59.0, 57.0, 47.0, 65.0, 43.0, 66.0, 75.0, 50.0, 45.0, 42.0, 50.0, 28.0, 57.0, 53.0, 43.0, 37.0, 69.0, 45.0, 62.0, 84.0, 39.0, 27.0, 53.0, 33.0, 80.0, 44.0, 30.0, 50.0, 53.0, 56.0, 46.0, 61.0], "episode_types": ["t", "t", "t", "t", "t", "t", "t", "t", "t", "t", "t", "t", "t", "t", "t", "t", "t", "t", "t", "t", "t", "t", "t", "t", "t", "t", "t", "t", "t", "t", "t", "t", "t", "t", "t", "t", "t", "t", "t", "t", "t", "t", "t", "t", "t", "t", "t", "t", "t", "t", "t", "t", "t", "t", "t", "t", "t", "t", "t", "t", "t", "t", "t", "t", "t", "t", "t", "t", "t", "t", "t", "t", "t", "t", "t", "t", "t", "t", "t", "t", "t", "t", "t", "t", "t", "t", "t", "t", "t", "t", "t", "t", "t", "t", "t", "t", "t", "t", "t", "t"]}