{"initial_reset_timestamp": 1523620967.2506385, "timestamps": [1523620971.5455525, 1523620974.8553092], "episode_types": ["t", "t"], "episode_rewards": [53.0, 26.0], "episode_lengths": [1785, 1559]}