{"initial_reset_timestamp": 1523457885.085087, "timestamps": [1523457892.5668778, 1523457899.415349, 1523457903.477807, 1523457909.324457, 1523457915.683691, 1523457921.194458, 1523457925.581717, 1523457931.120565, 1523457937.353618, 1523457943.188231, 1523457949.055676, 1523457954.861941, 1523457960.116025, 1523457964.422567, 1523457969.413716, 1523457974.659452, 1523457979.092012, 1523457985.2896352, 1523457991.434724, 1523457995.9570189, 1523458001.5402398, 1523458007.3166022, 1523458013.1014972, 1523458018.5430222, 1523458023.699934, 1523458029.556896, 1523458034.96227, 1523458042.4071722, 1523458049.3319418, 1523458055.557507, 1523458061.028728, 1523458067.749134, 1523458073.997353, 1523458078.736112, 1523458083.590065, 1523458089.1658208, 1523458095.441586, 1523458100.9792771, 1523458106.764292, 1523458112.751659, 1523458118.2940958, 1523458124.226169, 1523458130.7246552, 1523458136.972617, 1523458143.309084, 1523458148.910937, 1523458153.949173, 1523458160.057923, 1523458166.11823, 1523458171.380109, 1523458179.074272, 1523458186.98175, 1523458192.9223301, 1523458199.068026, 1523458203.645854, 1523458210.232783, 1523458215.3302138, 1523458219.600611, 1523458225.21124, 1523458231.381838, 1523458236.861846, 1523458242.844587, 1523458248.48442, 1523458251.634729, 1523458257.107275, 1523458263.804873, 1523458268.3528562, 1523458274.712947, 1523458279.959615, 1523458285.6082969, 1523458290.06631, 1523458295.5698838, 1523458301.587981, 1523458306.404164, 1523458312.5487301, 1523458316.079777, 1523458322.68863, 1523458329.6923652, 1523458334.119052, 1523458338.823096, 1523458344.73087, 1523458350.122217, 1523458355.254842, 1523458360.51025, 1523458364.906971, 1523458370.281287, 1523458376.3415859, 1523458381.5417862, 1523458387.737223, 1523458392.9357362, 1523458398.944326, 1523458403.672215, 1523458409.261051, 1523458415.302868, 1523458422.183062, 1523458427.5107782, 1523458433.185716, 1523458439.194995, 1523458444.333426, 1523458450.46474], "episode_lengths": [2361, 2206, 1607, 2329, 2228, 2011, 1618, 2054, 1862, 2099, 2197, 2047, 1916, 1529, 1770, 1913, 1594, 2229, 2239, 1629, 2021, 2092, 2113, 1969, 1870, 2081, 1853, 2229, 2505, 2268, 1975, 2454, 2285, 1693, 1807, 2019, 2294, 2011, 2120, 2195, 2031, 2216, 2231, 2204, 2288, 1865, 1764, 2259, 2347, 1750, 2194, 2563, 2089, 2015, 1789, 2110, 1989, 1642, 2171, 2198, 2040, 2169, 2048, 1162, 1604, 2410, 1664, 2479, 2041, 1879, 1638, 2040, 2152, 1795, 2252, 1361, 2448, 2509, 1612, 1814, 2265, 2033, 2023, 2086, 1750, 2118, 2277, 2008, 2354, 1956, 2265, 1823, 2033, 2069, 2238, 1913, 2088, 2281, 2004, 2447], "episode_rewards": [170.0, 113.0, 46.0, 154.0, 166.0, 152.0, 69.0, 281.0, 126.0, 115.0, 161.0, 266.0, 109.0, 66.0, 79.0, 86.0, 93.0, 173.0, 222.0, 90.0, 126.0, 116.0, 131.0, 253.0, 98.0, 91.0, 91.0, 141.0, 362.0, 166.0, 120.0, 292.0, 155.0, 92.0, 93.0, 109.0, 157.0, 121.0, 131.0, 145.0, 174.0, 170.0, 197.0, 109.0, 153.0, 94.0, 88.0, 208.0, 147.0, 58.0, 240.0, 140.0, 134.0, 73.0, 98.0, 96.0, 97.0, 68.0, 196.0, 270.0, 292.0, 97.0, 117.0, 36.0, 85.0, 165.0, 96.0, 118.0, 117.0, 104.0, 64.0, 134.0, 124.0, 102.0, 89.0, 67.0, 212.0, 159.0, 74.0, 320.0, 269.0, 142.0, 132.0, 109.0, 105.0, 133.0, 123.0, 107.0, 122.0, 90.0, 166.0, 69.0, 140.0, 234.0, 287.0, 69.0, 86.0, 121.0, 136.0, 174.0], "episode_types": ["t", "t", "t", "t", "t", "t", "t", "t", "t", "t", "t", "t", "t", "t", "t", "t", "t", "t", "t", "t", "t", "t", "t", "t", "t", "t", "t", "t", "t", "t", "t", "t", "t", "t", "t", "t", "t", "t", "t", "t", "t", "t", "t", "t", "t", "t", "t", "t", "t", "t", "t", "t", "t", "t", "t", "t", "t", "t", "t", "t", "t", "t", "t", "t", "t", "t", "t", "t", "t", "t", "t", "t", "t", "t", "t", "t", "t", "t", "t", "t", "t", "t", "t", "t", "t", "t", "t", "t", "t", "t", "t", "t", "t", "t", "t", "t", "t", "t", "t", "t"]}