{"initial_reset_timestamp": 1523799224.930269, "timestamps": [1523799231.528702, 1523799239.722177, 1523799247.93237, 1523799257.200574, 1523799265.398941, 1523799273.5550551, 1523799282.497408, 1523799290.075547, 1523799298.919939, 1523799307.427514, 1523799316.768687, 1523799324.470403, 1523799332.648449, 1523799340.472474, 1523799348.59021, 1523799358.09225, 1523799369.158226, 1523799376.4300401, 1523799384.46481, 1523799393.516455, 1523799401.156755, 1523799409.6120808, 1523799417.166423, 1523799425.2770638, 1523799433.6853619, 1523799440.944726, 1523799450.6509418, 1523799460.158466, 1523799468.978666, 1523799477.31147, 1523799487.389313, 1523799494.43978, 1523799502.069163, 1523799508.86229, 1523799516.2411609, 1523799523.686591, 1523799531.225426, 1523799540.469724, 1523799548.236205, 1523799555.403278, 1523799564.082287, 1523799575.202642, 1523799583.4107761, 1523799592.2933528, 1523799601.939845, 1523799612.0442429, 1523799621.948647, 1523799629.9457479, 1523799637.940775, 1523799647.8170571, 1523799655.7211049, 1523799664.5990589, 1523799671.734792, 1523799679.475081, 1523799688.1543832, 1523799696.1528902, 1523799703.1533911, 1523799712.194797, 1523799719.9198442, 1523799729.808508, 1523799737.931436, 1523799745.5761669, 1523799754.683955, 1523799763.369544, 1523799773.334757, 1523799782.066394, 1523799789.3721259, 1523799799.8464189, 1523799808.367379, 1523799815.643768, 1523799825.069407, 1523799834.392731, 1523799842.31531, 1523799850.4244401, 1523799857.74466, 1523799866.7251, 1523799874.531918, 1523799882.552088, 1523799890.526918, 1523799900.104415, 1523799908.289301, 1523799916.821263, 1523799926.480774, 1523799936.015777, 1523799943.802048, 1523799952.813065, 1523799961.182633, 1523799969.056669, 1523799977.456176, 1523799985.819486, 1523799994.67838, 1523800002.785682, 1523800010.319556, 1523800020.636995, 1523800028.415532, 1523800038.6987672, 1523800048.01124, 1523800055.451097, 1523800065.303257, 1523800073.136387], "episode_lengths": [1805, 2199, 2170, 1766, 1682, 1811, 2032, 1725, 1692, 1817, 1968, 1752, 1874, 1782, 1849, 2180, 2503, 1625, 1842, 2059, 1750, 1918, 1751, 1865, 1880, 1630, 2227, 1849, 2023, 1885, 2279, 1650, 1776, 1631, 1720, 1669, 1703, 2069, 1764, 1632, 1973, 2434, 1857, 2041, 2199, 2230, 2154, 1765, 1787, 2257, 1787, 2060, 1629, 1798, 2054, 1878, 1633, 2121, 1836, 2199, 1837, 1728, 2073, 1967, 1923, 1990, 1634, 2272, 1898, 1648, 2128, 2108, 1758, 1846, 1652, 2045, 1769, 1805, 1812, 1979, 1816, 1955, 2236, 2099, 1771, 2031, 1892, 1824, 1882, 1884, 2018, 1820, 1681, 2344, 1740, 2326, 2082, 1668, 2235, 1761], "episode_rewards": [20.0, 18.0, 18.0, 21.0, 21.0, 21.0, 20.0, 20.0, 21.0, 21.0, 19.0, 21.0, 20.0, 21.0, 20.0, 16.0, 17.0, 21.0, 20.0, 17.0, 21.0, 20.0, 20.0, 18.0, 20.0, 21.0, 17.0, 19.0, 16.0, 20.0, 17.0, 21.0, 19.0, 21.0, 20.0, 21.0, 20.0, 18.0, 20.0, 21.0, 18.0, 16.0, 20.0, 18.0, 18.0, 16.0, 15.0, 21.0, 18.0, 14.0, 20.0, 16.0, 21.0, 19.0, 17.0, 20.0, 21.0, 18.0, 20.0, 16.0, 19.0, 20.0, 18.0, 20.0, 18.0, 20.0, 21.0, 17.0, 19.0, 21.0, 16.0, 17.0, 20.0, 20.0, 21.0, 18.0, 20.0, 20.0, 20.0, 20.0, 19.0, 19.0, 17.0, 19.0, 20.0, 20.0, 19.0, 18.0, 20.0, 18.0, 19.0, 20.0, 20.0, 18.0, 20.0, 19.0, 19.0, 20.0, 15.0, 20.0], "episode_types": ["t", "t", "t", "t", "t", "t", "t", "t", "t", "t", "t", "t", "t", "t", "t", "t", "t", "t", "t", "t", "t", "t", "t", "t", "t", "t", "t", "t", "t", "t", "t", "t", "t", "t", "t", "t", "t", "t", "t", "t", "t", "t", "t", "t", "t", "t", "t", "t", "t", "t", "t", "t", "t", "t", "t", "t", "t", "t", "t", "t", "t", "t", "t", "t", "t", "t", "t", "t", "t", "t", "t", "t", "t", "t", "t", "t", "t", "t", "t", "t", "t", "t", "t", "t", "t", "t", "t", "t", "t", "t", "t", "t", "t", "t", "t", "t", "t", "t", "t", "t"]}