{"initial_reset_timestamp": 1524465752.4616153, "timestamps": [1524465766.8648345, 1524465776.6385553, 1524465788.6413834, 1524465813.6960714, 1524465824.0945075, 1524465844.2137723, 1524465872.7704825, 1524465891.7013953, 1524465904.7150667, 1524465932.0584202, 1524465951.312164, 1524465970.567487, 1524465991.457354, 1524466000.7503595, 1524466010.315644, 1524466030.461742, 1524466041.07611, 1524466059.7867403, 1524466081.502645, 1524466168.527083, 1524466187.6005275, 1524466214.2305884, 1524466223.5994265, 1524466269.7904632, 1524466279.5606897, 1524466293.834456, 1524466313.7011635, 1524466338.7665734, 1524466364.4240496, 1524466386.4114027, 1524466405.6646922, 1524466414.7106037, 1524466428.0179002, 1524466451.604073, 1524466534.2686698, 1524466560.8485944, 1524466570.2473054, 1524466590.9995804, 1524466616.4193568, 1524466625.2664688, 1524466706.496218, 1524466716.453141, 1524466737.888343, 1524466760.651986, 1524466776.2228453, 1524466790.3161635, 1524466804.6328712, 1524466829.7436912, 1524466850.3157861, 1524466932.0565722, 1524466954.9415338, 1524466969.6370733, 1524466983.299597, 1524466998.6305676, 1524467014.5558915, 1524467029.867969, 1524467053.7970002, 1524467101.942546, 1524467120.1277692, 1524467141.642605, 1524467188.8657012, 1524467218.2340467, 1524467234.786449, 1524467320.4398844, 1524467329.9713056, 1524467352.9186387, 1524467374.0851328, 1524467398.777401, 1524467416.2236876, 1524467425.1358213, 1524467455.9574213, 1524467465.3860395, 1524467511.5014253, 1524467528.637409, 1524467552.4545856, 1524467574.864582, 1524467584.657598, 1524467601.08356, 1524467610.734617, 1524467627.5854175, 1524467650.3109527, 1524467662.7174091, 1524467688.7656796, 1524467699.2222497, 1524467708.7405987, 1524467717.9307172, 1524467739.6484299, 1524467765.1893325, 1524467774.8435113, 1524467783.715787, 1524467798.5400245, 1524467807.7819107, 1524467818.6061532, 1524467840.7960157, 1524467863.4522169, 1524467882.199271, 1524467904.4222424, 1524467936.0219274, 1524467959.7906353, 1524467969.2574108], "episode_types": ["t", "t", "t", "t", "t", "t", "t", "t", "t", "t", "t", "t", "t", "t", "t", "t", "t", "t", "t", "t", "t", "t", "t", "t", "t", "t", "t", "t", "t", "t", "t", "t", "t", "t", "t", "t", "t", "t", "t", "t", "t", "t", "t", "t", "t", "t", "t", "t", "t", "t", "t", "t", "t", "t", "t", "t", "t", "t", "t", "t", "t", "t", "t", "t", "t", "t", "t", "t", "t", "t", "t", "t", "t", "t", "t", "t", "t", "t", "t", "t", "t", "t", "t", "t", "t", "t", "t", "t", "t", "t", "t", "t", "t", "t", "t", "t", "t", "t", "t", "t"], "episode_rewards": [401.0, 57.0, 61.0, 213.0, 57.0, 214.0, 382.0, 286.0, 154.0, 434.0, 316.0, 336.0, 307.0, 67.0, 84.0, 307.0, 67.0, 293.0, 364.0, 271.0, 350.0, 427.0, 77.0, 301.0, 86.0, 216.0, 359.0, 384.0, 277.0, 278.0, 241.0, 61.0, 167.0, 373.0, 143.0, 397.0, 78.0, 323.0, 425.0, 61.0, 209.0, 65.0, 397.0, 396.0, 221.0, 209.0, 216.0, 358.0, 377.0, 280.0, 324.0, 222.0, 190.0, 172.0, 246.0, 257.0, 396.0, 279.0, 279.0, 391.0, 411.0, 366.0, 227.0, 280.0, 80.0, 359.0, 394.0, 340.0, 214.0, 59.0, 407.0, 76.0, 438.0, 220.0, 388.0, 406.0, 65.0, 219.0, 73.0, 245.0, 288.0, 146.0, 454.0, 63.0, 76.0, 73.0, 365.0, 342.0, 85.0, 65.0, 233.0, 74.0, 73.0, 426.0, 394.0, 215.0, 386.0, 298.0, 404.0, 76.0], "episode_lengths": [486, 61, 68, 239, 61, 236, 735, 403, 180, 603, 392, 413, 407, 71, 91, 504, 71, 401, 526, 4057, 377, 613, 81, 1843, 92, 245, 440, 562, 824, 452, 316, 65, 206, 666, 3998, 634, 82, 510, 542, 65, 4000, 69, 521, 562, 238, 244, 230, 587, 431, 3964, 617, 254, 229, 193, 328, 276, 511, 1802, 369, 520, 1798, 857, 340, 3964, 84, 546, 473, 522, 436, 65, 833, 80, 1769, 246, 653, 554, 71, 328, 98, 341, 474, 182, 733, 68, 80, 77, 523, 597, 95, 71, 257, 78, 77, 504, 546, 324, 522, 1042, 583, 82]}