{"initial_reset_timestamp": 1534658464.384811, "timestamps": [1534658464.827248, 1534658465.2740512, 1534658465.7232351, 1534658466.1544251, 1534658466.827771, 1534658467.2652748, 1534658467.6272588, 1534658468.3947709, 1534658468.8999622, 1534658469.2421389, 1534658470.411171, 1534658470.7463958, 1534658471.181238, 1534658471.683819, 1534658472.111852, 1534658472.638452, 1534658473.02041, 1534658473.458088, 1534658474.215263, 1534658475.2027981, 1534658475.6666932, 1534658476.566062, 1534658476.931108, 1534658477.300025, 1534658477.709954, 1534658478.603617, 1534658479.21455, 1534658479.796837, 1534658480.2007911, 1534658480.9289432, 1534658481.580267, 1534658482.2590349, 1534658482.8955488, 1534658483.29728, 1534658483.6112351, 1534658484.48737, 1534658484.9663959, 1534658485.545387, 1534658486.28771, 1534658487.2582972, 1534658487.609778, 1534658487.950785, 1534658488.32482, 1534658488.910243, 1534658489.472564, 1534658490.116241, 1534658490.8626401, 1534658491.227309, 1534658491.7992268, 1534658492.14737, 1534658492.461192, 1534658493.3702452, 1534658493.744222, 1534658494.178499, 1534658494.869098, 1534658495.517277, 1534658496.41517, 1534658496.702555, 1534658497.5901408, 1534658498.018095, 1534658498.3597682, 1534658498.809472, 1534658499.7370949, 1534658500.111125, 1534658500.62432, 1534658501.1377401, 1534658501.6352792, 1534658501.951349, 1534658503.087893, 1534658504.114583, 1534658504.8537111, 1534658505.230506, 1534658505.829133, 1534658506.668803, 1534658507.186408, 1534658507.63268, 1534658508.655346, 1534658509.306391, 1534658509.8704388, 1534658510.940974, 1534658511.2732, 1534658512.0406542, 1534658512.8975492, 1534658513.633207, 1534658514.501685, 1534658515.5368042, 1534658516.292021, 1534658516.792819, 1534658517.400136, 1534658518.41235, 1534658518.7703779, 1534658519.721893, 1534658520.140686, 1534658520.529782, 1534658521.388722, 1534658521.885633, 1534658522.6308339, 1534658523.19263, 1534658523.603603, 1534658523.95704], "episode_lengths": [38, 36, 45, 45, 71, 45, 34, 77, 40, 29, 123, 33, 43, 51, 43, 54, 39, 44, 80, 84, 46, 95, 35, 38, 41, 94, 64, 48, 36, 74, 66, 69, 66, 42, 31, 96, 51, 62, 79, 104, 36, 35, 39, 63, 60, 68, 81, 38, 61, 36, 32, 99, 39, 46, 75, 70, 99, 29, 97, 45, 35, 46, 100, 37, 37, 45, 42, 28, 90, 99, 74, 37, 57, 79, 55, 47, 107, 69, 57, 90, 34, 77, 76, 74, 82, 102, 64, 49, 61, 111, 37, 104, 44, 41, 94, 53, 81, 59, 40, 34], "episode_rewards": [166.0, 168.0, 167.0, 370.0, 363.0, 163.0, 152.0, 479.0, 167.0, 174.0, 664.0, 173.0, 173.0, 165.0, 161.0, 160.0, 168.0, 367.0, 404.0, 375.0, 164.0, 381.0, 165.0, 166.0, 164.0, 379.0, 374.0, 163.0, 168.0, 477.0, 370.0, 384.0, 389.0, 165.0, 167.0, 470.0, 159.0, 386.0, 471.0, 376.0, 169.0, 169.0, 165.0, 377.0, 369.0, 495.0, 431.0, 165.0, 397.0, 165.0, 173.0, 372.0, 167.0, 163.0, 388.0, 385.0, 376.0, 167.0, 378.0, 167.0, 163.0, 363.0, 693.0, 167.0, 164.0, 163.0, 161.0, 158.0, 383.0, 470.0, 386.0, 163.0, 370.0, 487.0, 162.0, 161.0, 431.0, 387.0, 162.0, 377.0, 168.0, 475.0, 488.0, 161.0, 380.0, 377.0, 382.0, 164.0, 395.0, 375.0, 166.0, 465.0, 164.0, 160.0, 386.0, 162.0, 486.0, 382.0, 166.0, 166.0], "episode_types": ["t", "t", "t", "t", "t", "t", "t", "t", "t", "t", "t", "t", "t", "t", "t", "t", "t", "t", "t", "t", "t", "t", "t", "t", "t", "t", "t", "t", "t", "t", "t", "t", "t", "t", "t", "t", "t", "t", "t", "t", "t", "t", "t", "t", "t", "t", "t", "t", "t", "t", "t", "t", "t", "t", "t", "t", "t", "t", "t", "t", "t", "t", "t", "t", "t", "t", "t", "t", "t", "t", "t", "t", "t", "t", "t", "t", "t", "t", "t", "t", "t", "t", "t", "t", "t", "t", "t", "t", "t", "t", "t", "t", "t", "t", "t", "t", "t", "t", "t", "t"]}