{"initial_reset_timestamp": 1524699450.619313, "timestamps": [1524699483.330411, 1524699497.8701131, 1524699511.007458, 1524699529.075263, 1524699547.651026, 1524699560.8508348, 1524699576.397869, 1524699588.143005, 1524699602.985039, 1524699616.146025, 1524699637.4266639, 1524699657.306227, 1524699671.281086, 1524699686.208802, 1524699711.387399, 1524699726.740496, 1524699735.5702899, 1524699753.4322188, 1524699761.504501, 1524699797.660217, 1524699815.583634, 1524699833.1997492, 1524699861.9675589, 1524699878.833803, 1524699908.597287, 1524699928.1609979, 1524699946.5485911, 1524699990.204211, 1524700025.8974972, 1524700061.461799, 1524700084.685453, 1524700106.917942, 1524700124.7804642, 1524700134.8425019, 1524700152.519391, 1524700180.772025, 1524700191.6456718, 1524700199.43332, 1524700216.288812, 1524700224.858398, 1524700241.2754822, 1524700266.960683, 1524700291.873215, 1524700309.370656, 1524700322.763722, 1524700333.5075278, 1524700345.084512, 1524700375.271132, 1524700397.498709, 1524700415.105896, 1524700426.1476321, 1524700438.0088162, 1524700458.4887521, 1524700469.708704, 1524700489.824875, 1524700509.1258602, 1524700531.222386, 1524700561.955051, 1524700581.74511, 1524700603.674348, 1524700623.450932, 1524700638.785467, 1524700655.748656, 1524700678.661736, 1524700713.283872, 1524700726.68766, 1524700744.1518888, 1524700761.483982, 1524700770.925246, 1524700802.127528, 1524700819.128445, 1524700843.963014, 1524700860.987655, 1524700888.647199, 1524700915.8354602, 1524700932.454674, 1524700958.156787, 1524700972.8889139, 1524700998.893576, 1524701027.6467452, 1524701063.113438, 1524701078.864465, 1524701110.828692, 1524701140.16389, 1524701149.5751932, 1524701169.591288, 1524701179.821617, 1524701189.718007, 1524701207.44901, 1524701234.090917, 1524701249.505884, 1524701259.301844, 1524701278.5336, 1524701287.626168, 1524701314.580132, 1524701332.183615, 1524701409.686919, 1524701439.8016992, 1524701464.602973, 1524701481.841718], "episode_lengths": [2627, 1191, 1267, 1729, 1745, 1271, 1506, 1126, 1204, 1253, 1762, 1501, 1295, 1229, 2193, 1445, 725, 1413, 759, 2724, 1468, 1434, 2374, 1410, 2519, 1624, 1559, 3099, 2741, 3104, 2064, 2028, 1489, 920, 1475, 2244, 859, 577, 1434, 703, 1321, 2049, 2175, 1502, 878, 687, 823, 2241, 1648, 1392, 856, 906, 1522, 854, 1522, 1451, 1458, 2633, 1712, 1734, 1531, 1299, 1309, 1775, 2238, 1096, 1459, 1442, 776, 2486, 1428, 2050, 1351, 2300, 2289, 1445, 2216, 1288, 2234, 2507, 3055, 1306, 2555, 2383, 791, 1428, 798, 807, 1482, 2183, 1237, 827, 1609, 738, 2216, 1491, 1280, 2443, 2002, 1439], "episode_rewards": [136.0, 60.0, 67.0, 94.0, 93.0, 58.0, 68.0, 48.0, 61.0, 56.0, 93.0, 70.0, 68.0, 54.0, 104.0, 66.0, 30.0, 66.0, 32.0, 133.0, 67.0, 69.0, 123.0, 69.0, 124.0, 68.0, 68.0, 143.0, 124.0, 135.0, 101.0, 104.0, 69.0, 48.0, 68.0, 106.0, 30.0, 34.0, 68.0, 31.0, 67.0, 107.0, 104.0, 70.0, 34.0, 32.0, 33.0, 106.0, 65.0, 69.0, 29.0, 30.0, 69.0, 32.0, 67.0, 65.0, 69.0, 129.0, 88.0, 67.0, 68.0, 67.0, 63.0, 90.0, 100.0, 51.0, 70.0, 67.0, 34.0, 127.0, 69.0, 105.0, 68.0, 102.0, 104.0, 68.0, 102.0, 64.0, 101.0, 120.0, 132.0, 66.0, 129.0, 110.0, 31.0, 66.0, 31.0, 32.0, 68.0, 94.0, 55.0, 33.0, 66.0, 23.0, 102.0, 69.0, 67.0, 125.0, 105.0, 69.0], "episode_types": ["t", "t", "t", "t", "t", "t", "t", "t", "t", "t", "t", "t", "t", "t", "t", "t", "t", "t", "t", "t", "t", "t", "t", "t", "t", "t", "t", "t", "t", "t", "t", "t", "t", "t", "t", "t", "t", "t", "t", "t", "t", "t", "t", "t", "t", "t", "t", "t", "t", "t", "t", "t", "t", "t", "t", "t", "t", "t", "t", "t", "t", "t", "t", "t", "t", "t", "t", "t", "t", "t", "t", "t", "t", "t", "t", "t", "t", "t", "t", "t", "t", "t", "t", "t", "t", "t", "t", "t", "t", "t", "t", "t", "t", "t", "t", "t", "t", "t", "t", "t"]}