{"initial_reset_timestamp": 1524465698.177469, "episode_rewards": [231.0], "episode_types": ["t"], "episode_lengths": [242], "timestamps": [1524465706.7727287]}