{"episode_types": ["t", "t", "t", "t", "t", "t", "t", "t", "t", "t", "t", "t", "t", "t", "t", "t", "t", "t", "t", "t", "t", "t", "t", "t", "t", "t", "t", "t", "t", "t", "t", "t", "t", "t", "t", "t", "t", "t", "t", "t", "t", "t", "t", "t", "t", "t", "t", "t", "t", "t", "t", "t", "t", "t", "t", "t", "t", "t", "t", "t", "t", "t", "t", "t", "t", "t", "t", "t", "t", "t", "t", "t", "t", "t", "t", "t", "t", "t", "t", "t", "t", "t", "t", "t", "t", "t", "t", "t", "t", "t", "t", "t", "t", "t", "t", "t", "t", "t", "t", "t"], "episode_lengths": [44, 979, 978, 52, 43, 159, 314, 41, 128, 393, 444, 39, 1145, 847, 163, 141, 159, 54, 2005, 39, 113, 858, 1807, 173, 51, 64, 547, 47, 942, 163, 120, 238, 45, 494, 49, 49, 324, 47, 1107, 35, 430, 638, 47, 321, 64, 425, 45, 298, 412, 743, 33, 187, 47, 162, 345, 33, 641, 55, 1385, 348, 520, 2005, 418, 930, 146, 710, 139, 112, 49, 38, 563, 85, 44, 36, 42, 595, 1169, 135, 39, 590, 246, 829, 441, 111, 322, 49, 500, 245, 61, 156, 2005, 161, 531, 38, 228, 1382, 47, 51, 191, 210], "initial_reset_timestamp": 1534091910.145632, "timestamps": [1534091910.6398559, 1534091919.7310195, 1534091927.820714, 1534091928.284873, 1534091928.6765985, 1534091930.023814, 1534091932.6489737, 1534091933.0238922, 1534091934.2816336, 1534091937.5951297, 1534091941.3032331, 1534091941.6631176, 1534091951.141857, 1534091958.208742, 1534091959.5883865, 1534091960.7968044, 1534091962.156404, 1534091962.6356921, 1534091979.2966366, 1534091979.6543195, 1534091980.621807, 1534091987.7375636, 1534092002.7599072, 1534092004.2329283, 1534092004.6915188, 1534092005.259816, 1534092009.8385353, 1534092010.3581161, 1534092018.1193933, 1534092019.5005815, 1534092020.5250468, 1534092022.5280838, 1534092022.9358552, 1534092027.0632038, 1534092027.5035722, 1534092027.9431458, 1534092030.6755202, 1534092031.104464, 1534092040.2664344, 1534092040.5920494, 1534092044.1793125, 1534092049.508034, 1534092049.931588, 1534092052.613021, 1534092053.173638, 1534092056.731097, 1534092057.1423392, 1534092059.6761808, 1534092063.1467416, 1534092069.3606381, 1534092069.6712084, 1534092071.2569313, 1534092071.6815493, 1534092073.0545123, 1534092075.9408689, 1534092076.2502718, 1534092081.5947087, 1534092082.0841908, 1534092093.4304826, 1534092096.3495452, 1534092100.654384, 1534092117.2185369, 1534092120.707448, 1534092128.359732, 1534092129.778936, 1534092135.712555, 1534092136.8896825, 1534092137.8480983, 1534092138.2876341, 1534092138.6375625, 1534092143.2693233, 1534092144.007591, 1534092144.4079711, 1534092144.7425702, 1534092145.1251287, 1534092150.084609, 1534092159.705976, 1534092160.8549771, 1534092161.2129748, 1534092166.1149855, 1534092168.1727285, 1534092175.0075696, 1534092178.6579444, 1534092179.6077778, 1534092182.3074617, 1534092182.7473004, 1534092186.9040473, 1534092188.96584, 1534092189.5041454, 1534092190.8328137, 1534092207.3643105, 1534092208.7269313, 1534092213.1498806, 1534092213.4992812, 1534092215.4174075, 1534092226.7715592, 1534092227.194524, 1534092227.650688, 1534092229.2601388, 1534092231.0257077], "episode_rewards": [225.0, 1536.0, 896.0, 225.0, 228.0, 590.0, 587.0, 236.0, 604.0, 695.0, 998.0, 229.0, 1471.0, 1189.0, 581.0, 638.0, 636.0, 232.0, 441.0, 242.0, 606.0, 901.0, 471.0, 633.0, 239.0, 182.0, 655.0, 224.0, 889.0, 635.0, 582.0, 1295.0, 229.0, 728.0, 214.0, 209.0, 603.0, 225.0, 853.0, 246.0, 1072.0, 663.0, 228.0, 603.0, 214.0, 759.0, 223.0, 671.0, 738.0, 1224.0, 246.0, 630.0, 226.0, 604.0, 732.0, 233.0, 715.0, 203.0, 802.0, 744.0, 959.0, 443.0, 760.0, 890.0, 592.0, 1218.0, 590.0, 614.0, 230.0, 239.0, 1065.0, 628.0, 206.0, 231.0, 228.0, 1256.0, 1120.0, 591.0, 241.0, 954.0, 568.0, 1000.0, 1286.0, 594.0, 677.0, 218.0, 1252.0, 619.0, 185.0, 636.0, 485.0, 634.0, 976.0, 244.0, 1325.0, 794.0, 222.0, 207.0, 629.0, 709.0]}