{"initial_reset_timestamp": 1523638652.159928, "timestamps": [1523638657.138855, 1523638666.066368, 1523638669.548505, 1523638673.705205, 1523638680.031229, 1523638684.3131351, 1523638688.6880589, 1523638693.890296, 1523638705.799467, 1523638709.7393742, 1523638714.98975, 1523638722.333517, 1523638732.764168, 1523638741.1435032, 1523638745.018634, 1523638747.566348, 1523638753.706079, 1523638757.766635, 1523638763.2115939, 1523638768.468009, 1523638775.470256, 1523638783.303684, 1523638789.978806, 1523638801.0275998, 1523638807.907499, 1523638815.009792, 1523638826.279268, 1523638836.2699552, 1523638842.566848, 1523638853.290653, 1523638863.017876, 1523638872.301941, 1523638880.6271172, 1523638886.762805, 1523638894.354167, 1523638898.7550342, 1523638907.2144158, 1523638913.7630668, 1523638923.0871391, 1523638928.88544, 1523638935.764927, 1523638944.601535, 1523638951.2777889, 1523638961.839264, 1523638968.6159968, 1523638976.85603, 1523638981.635145, 1523638991.272237, 1523639001.5490901, 1523639008.029245, 1523639017.00625, 1523639022.71463, 1523639031.189539, 1523639039.125799, 1523639048.4248471, 1523639057.3584168, 1523639066.1946769, 1523639073.997348, 1523639084.697542, 1523639093.80279, 1523639105.0727801, 1523639112.0780249, 1523639118.368691, 1523639122.736369, 1523639127.750273, 1523639132.6442811, 1523639138.583095, 1523639142.6502569, 1523639149.0089211, 1523639156.571306, 1523639162.072447, 1523639169.707724, 1523639176.104435, 1523639180.0357141, 1523639185.1214201, 1523639190.425218, 1523639195.8328059, 1523639201.693663, 1523639208.7420459, 1523639217.9913568, 1523639224.5014012, 1523639231.843331, 1523639236.299536, 1523639242.8334332, 1523639247.850135, 1523639251.024124, 1523639255.385563, 1523639261.938692, 1523639266.317237, 1523639270.431405, 1523639276.105949, 1523639281.940366, 1523639285.971124, 1523639293.127072, 1523639301.127987, 1523639308.486563, 1523639315.443999, 1523639319.563655, 1523639325.121115, 1523639331.559665], "episode_lengths": [861, 1160, 766, 810, 1248, 935, 920, 888, 1257, 605, 754, 1092, 1561, 1197, 561, 389, 915, 583, 787, 812, 1036, 1175, 805, 1438, 887, 900, 1497, 1075, 823, 1407, 1161, 1244, 1119, 814, 1085, 472, 1050, 816, 1170, 720, 859, 1032, 844, 1344, 848, 1045, 600, 1221, 1331, 833, 979, 822, 845, 846, 968, 1030, 1085, 826, 1036, 1102, 1247, 1092, 976, 666, 653, 764, 926, 637, 996, 1180, 842, 1184, 1002, 611, 803, 832, 815, 907, 1111, 1469, 1012, 1144, 684, 1027, 775, 485, 659, 1006, 685, 626, 870, 912, 618, 1115, 1248, 1161, 1086, 636, 884, 998], "episode_rewards": [20.0, 29.0, 17.0, 12.0, 25.0, 14.0, 18.0, 20.0, 25.0, 8.0, 15.0, 28.0, 27.0, 28.0, 15.0, 7.0, 24.0, 16.0, 15.0, 19.0, 21.0, 25.0, 17.0, 33.0, 22.0, 19.0, 33.0, 24.0, 22.0, 26.0, 32.0, 27.0, 19.0, 17.0, 29.0, 7.0, 23.0, 14.0, 25.0, 16.0, 22.0, 27.0, 19.0, 29.0, 16.0, 15.0, 13.0, 27.0, 29.0, 19.0, 18.0, 16.0, 20.0, 20.0, 14.0, 18.0, 20.0, 19.0, 30.0, 26.0, 30.0, 29.0, 23.0, 17.0, 14.0, 16.0, 21.0, 10.0, 23.0, 24.0, 18.0, 24.0, 29.0, 8.0, 21.0, 16.0, 19.0, 20.0, 22.0, 33.0, 21.0, 24.0, 11.0, 21.0, 19.0, 3.0, 11.0, 22.0, 12.0, 12.0, 18.0, 22.0, 7.0, 23.0, 26.0, 32.0, 24.0, 12.0, 20.0, 23.0], "episode_types": ["t", "t", "t", "t", "t", "t", "t", "t", "t", "t", "t", "t", "t", "t", "t", "t", "t", "t", "t", "t", "t", "t", "t", "t", "t", "t", "t", "t", "t", "t", "t", "t", "t", "t", "t", "t", "t", "t", "t", "t", "t", "t", "t", "t", "t", "t", "t", "t", "t", "t", "t", "t", "t", "t", "t", "t", "t", "t", "t", "t", "t", "t", "t", "t", "t", "t", "t", "t", "t", "t", "t", "t", "t", "t", "t", "t", "t", "t", "t", "t", "t", "t", "t", "t", "t", "t", "t", "t", "t", "t", "t", "t", "t", "t", "t", "t", "t", "t", "t", "t"]}